职位名称,薪资,工作地点,公司名称,任职要求,学历要求,招聘人数,发布时间
烟草大厦 银行登记~,6000-9000元,成都武侯区,成都泰盈科技有限公司,"享正编待遇 线上面试
岗位职责：
1. 登记问题，处理问题
2. 协助客户解决业务中遇到的问题
3. 维护良好的客户关系，提供专业的客户服务
4. 遵守公司规章制度，确保业务操作的准确性和合规性
任职要求：
1. 普通话标准，对银行业务兴趣
2. 具备良好的沟通能力和服务意识
3. 有责任心
薪资福利：
1. 均薪6-9k
2. 双休，节假日三倍薪资和假期同享
3. 提供五险一金",本科,15,更新于 1月3日
金融产品经理,7000-8000元,北京昌平区,北京指南针科技发展股份有限公司,"岗位职责:
1.依托公司交易平台支持，完成版本转换。 2.负责向客户提供与证券经纪业务相关的服务工作
带薪培训:
有证券从业资格证前往北京总部培训四天；
无证券从业资格证需在总部进行培训考证，周期约3个月，均提供免费住宿。
薪资待遇:
底薪4000+挂证津贴+高额业绩提成，综合8000+
公司福利:五险一金(公积金按12%缴纳，按平均薪资基数调整)，免费住宿，采暖补贴每年2300，节假日津贴2500，在职专升本，国内外旅游(教育旅游基金)，平时各种奖品不断
职业资格提升:公司免费培训考证券从业，带薪统一学习，通过率达70%以上
岗位晋升:客户顾问-储备干部-组长-经理
内部转岗:合规、售后、金融讲师、投资顾问，金融主播.
联系方式:*********** (微x同步)",学历不限,1,更新于 1月3日
祥瑞站过年留守2000+奖金超市夜班防损,7000-8000元,南京江宁区,叮咚买菜,"白天有工作的，不要投递简历哦，不适合，这是长夜班。
夜班陈列员夜班陈列员夜班陈列员夜班陈列员夜班陈列员夜班陈列员
【本公司承诺】
此职位叮咚招聘，不收费无套路，薪资准时发，面试通过当天试岗专人带教，入职即购买商业险，全市就近安排！
本岗位属于纯夜班，主要负责夜间的仓库管理，接货，仓库内货物的盘点，晚间工作轻松自由，一个前置仓内只需要招2名左右夜班人员，如果有想上夜班并且不想像工厂那样流水线工作，并且想要挑战高薪的，尽快联系确定就近分配站点！
【福利待遇】
1、薪资待遇：基本工资+职级津贴+夜班补助，综合7000+
2、其他福利：带薪年假、工龄津贴、职级津贴、绩效奖金；
【职位描述】
1、负责整体站内商品的接入、入库；
2、负责站内整体安全工作的保障；
3、负责商品的及时清点处理、及一键入库；
4、做好和仓管员的承接工作及完成站长安排的相关工作；
年龄要求：18-40岁
晋升空间：仓管---店长---主管，最快的是1个月升级一次",学历不限,1,更新于 1月3日
电话车险回访专员+五险一金（日照东港区）,4000-8000元,日照东港区,阳光财产保险股份有限公司6,"工作时间：早上8点30-12点 下午1点30-6点 双休 法定节假日都休息
发薪日：每个月固定10号 如遇到节假日提前发放
岗位职责：
1) 公司提供稳定且优质的客户资源，通过电脑智能外呼系统联系客户，进行车险续期业务的开展；
2) 室内办公环境，全天空调，环境优美，无需外出，无需资源；
3) 产品是车险！属于刚需！公司提供稳定且优质资源！销售难度低！收入稳定！
任职要求：
1) 18周岁-40周岁；
2) 具有一定沟通表达能力，普通话标准，亲和力较好；
薪资：
1) 岗前培训期：面试通过后参加6个工作日的带薪培训，享受培训津贴50元/天；
福利：
1)签订集团正式劳动合同（无外包、无派遣）；
2)享有社保及公积金（五险一金）；
3)无需外出拓展客户，无需客户资源；
4)室内办公（环境优美）；
5)正常行政班（无夜班无倒班）；
6)完善的培训体系，每三个月就有一次升职加薪；
7)定期举办丰富的团建活动；
8)法定节假日，29天带薪假期（年假、婚假、病假、产假）；
9) 长期服务奖最高6000元/年，父母赡养津贴最高6000元/年，星光奖最高9600元/年；
没有经验没关系！！！我们没有试用期的！ 面试通过后会有为期6个工作日的带薪培训 培训结业后签订阳光保险集团劳动合同 公司是中国500强企业 我们有完整的培训体系和专业的培训教练 并且有团队主管带！！！",学历不限,3,更新于 1月3日
PSS工艺助理工程师,6000-9000元·13薪,淮安清江浦区,淮安澳洋顺昌光电技术有限公司,"工作职责:
1、在上级指导下，负责工艺参数的编写及监控、现场异常处理；
2、在上级指导下，负责工艺的优化与提升（机台良率、外观良率等）；
3、在上级指导下，负责设备保养及耗材更换后，工艺条件及参数的确认；
4、在上级指导下，负责新材料\新设备\新工艺的评估及导入；
任职资格:
1、23~25届毕业生，统招本科；
2、物理、材料、化学、电子信息、微电子等专业业；
3、能适应无尘室；
4、能接受一个月7~10天夜班。",本科,1,更新于 1月2日
机械工程师,7000-13000元,德州武城县,山东玲珑轮胎股份有限公司,"岗位内容：
1. 负责设备机械方面维护管理，并向维保人员提供技术支持。
2. 分析机械系统的性能、可靠性和安全性，并提出改进措施。
3. 模拟和测试机械设备的运行情况，进行实验和数据分析。
任职要求：
1. 机械工程或相关专业的本科以上学历。
2. 具备良好的机械原理知识和设计经验。
3. 熟练使用CAD/CAE等软件工具。
4. 良好的沟通和解决问题的能力。",本科,1,更新于 1月3日
研发运营专员,7000-10000元,苏州常熟市,常熟药明康德新药开发有限公司,"岗位概述： 负责常熟研发楼使用测试职能的日常运营与实验室管理工作，保障小试和氢化使用测试的实验室安全、有序运行；统筹试剂耗材、仪器设备和多部门协作，支持研发团队的项目交付与日常事务，确保现场合规与运营效率。
职位描述：
1. 实验室运营管理：负责日常实验室管理，监督实验室运行规范，落实实验室SOP与操作规范；
2. 公共试剂、耗材与固定资产管理：负责公共试剂、消耗品、实验耗材和固定资产的采购计划、库存维护与入库出库管理，建立与维护台账。定期盘点，优化库存水平，降低浪费，确保关键试剂及时供应；
3. 跨部门沟通与协作：作为研发与其他职能（分析、QA、物流、EHS、行政等）之间的联络点，推动信息流转与问题解决，确保研发项目顺利交付；
4. 研发团队日常支持：支持科研人员处理试剂配制、耗材配送、简单样品前处理等，协助实验室安全管理（危险品管理、废弃物处置、应急预案落实与演练）；
5. 监督并推动研发楼安全与合规制度的执行，配合安全检查并跟进整改；保持安全通道、消防设备、气体与排风系统等的日常检查与记录；
6. 完成部门领导或主管临时交办的其他运营任务或专项工作，参与流程优化与持续改进项目；
岗位要求：
1. 本科及以上学历，化学、化工或管理类相关专业，特别优秀者可适当放宽条件；
2. 逻辑思维清晰、严谨，有较强的理解和沟通能力，可胜任团队协作和跨部门协调的工作；
3. 熟悉实验室操作流程及常用实验室设备基础维护；
4. 强烈的执行力、责任心与团队合作精神，能同时管理多项任务并保持条理性；
5. 快速学习与适应能力，能在变化环境中主动发现并解决问题；",本科,1,更新于 12月31日
急招普工/操作工 绩效奖金 包住,5000-8000元,合肥瑶海区,京东方科技集团股份有限公司,"合肥京东方光电科技有限公司（简称B3）：生产手机屏幕和平板屏幕
合肥鑫晟光电科技有限公司（简称B5）：生产平板屏幕和笔记本屏幕
合肥京东方显示技术有限公司（简称B9）：生产平板屏幕和笔记本屏幕
工作内容：屏幕检测，贴标、组装、维修、打包，搬运，设备上下料等
上班时间：白班8:30-20:30，夜班20:30-8:30；
每班次工作10小时，另有2小时吃饭休息
休息安排：上6休1或上6休2，月休4-6天；部门根据生产情况排班
工资收入：【综合5000-8000元】
基本工资（2400-3900）+绩效工资（380-1140）+加班费（1500-3000左右）+夜班津贴(35/晚）
①包吃：每月餐补900元左右（工资之外补贴，不和工资挂钩）。
②包住：4人间，每月管理费30元/人，房间内配套空调、电视、网络、24小时热水、独立阳台。
③生活配套：生活区超市、菜鸟驿站、ATM、免费使用（室内室外篮球场、羽毛球场、乒乓球台、台球、健身房、快递中心）。
④五险一金：养老保险、医疗保险、失业保险、工伤保险、生育保险、住房公积金（单边12%，双边24%）；
原标题：《合肥京东方B3/B5/B9 直招作业员》",高中,10,更新于 12月31日
法务专员,5000-8000元,杭州余杭区,腾达建设,"岗位职责
1、协助处理各类合同的起草、审核和管理工作，确保合同的合法性、合规性与合理性，防范法律风险；
2、深入研究并熟练掌握与公司业务相关的法律法规，及时跟进法律政策的更新变化，为公司运营提供准确的法律依据；
3、对公司的业务和经营活动进行法律风险评估，提出防范建议和措施；
4、各类文件、文本的整理与校对工作；
5、协助劳动人事合规制度落地、劳动争议处理；
6、完成上级领导交待的其他工作任务
任职要求
1、统招法学本科及以上学历，毕业于国内知名法学院校者优先考虑；
2、熟练使用office常用办公软件；
3、较好的口语表达和书面沟通能力，思维敏捷，耐心细致；
4、责任心强，具备风险敏感度和团队协作精神。",本科,1,更新于 12月31日
今 天 面试 明 天上班 月7500,6000-8000元,合肥包河区,合肥泰盈信息科技有限公司,"公司非中介，公司直招，接受无经验
工作内容:负责处理后台事务(岗位多，可以供你选择，不需要外出，我们接受无经验，老员工带;
薪资待遇:
新人薪资4500-6000，转正:8000+，均资薪资7000-15000+，绩优年薪20万+
工作时间:
9:00-6:00，法定节假日正常休，购买社保和公积金，有足够的时间处理个人事务，工作生活相得益;
【员工福利]:
1、接受无经验，有培训补贴，带薪休年假，学历可以面谈;
2、提供住宿(2-4人间，走路5-10分钟，就近分配，空调，热水器);
3、享受公司结婚、生育等礼金，生日礼品，节假日福利等一系列活动;
4、下午茶，定期团建。",中专/中技,10,更新于 12月30日
饲料销售（黑龙江区域）,7000-14000元,沈阳沈北新区,禾丰食品股份有限公司,"1.岗位职责：
①负责黑龙江区域市场反刍饲料的推广与销售工作；
②负责新客户的开发与老客户的维护；
③根据公司销售任务，完成饲料销售目标
2.任职要求：
①本科及以上学历，畜牧、动物医学、动物科学的相关专业；
②愿意长期从事饲料销售工作；
③乐于沟通，工作积极，有责任心
3. 薪酬&职位福利：
底薪+提成+各种补助；绩效奖金、六险一金、出差补贴、年度体检、节日福利等",本科,10,更新于 12月29日
急聘执业药师（就近分配）,4000-8000元,沈阳皇姑区,成大方圆,"岗位内容：
1. 根据患者需求，提供专业的用药建议，并协助完成处方审核、药品配制等操作。
2. 负责药品采购、收发、储存管理，确保药品质量和安全。
3. 组织开展药学服务活动，提升药学服务水平和客户满意度。
4. 协助门店其他工作，如其他卫生保健品的销售和宣传等。
任职要求：
1. 具备执业药师证书，有一定的药学相关工作经验。
2. 具备良好的沟通能力和服务意识，为患者提供优质的药学服务。
3. 工作认真、细致，有良好的团队合作精神，能够协助门店完成各项工作任务。
4. 具备较强的适应能力和自我学习能力，能够快速适应不同门店的工作环境和工作内容。
5.本科及以上学历。",本科,10,更新于 1月2日
续期服务文员,6000-8000元,长沙长沙县,中国人寿保险股份有限公司长沙市分公司北区收展营销服务部(星沙支部),专职负责续期保费的通知、追踪与台账管理。通过定期与续保客户接触，分析其保单状况，为顾问提供客户加保或保障检视的精准线索。,学历不限,1,更新于 12月30日
电梯维保员【江苏南京雨花台区】,5000-8000元,南京雨花台区,远大智能,"一、岗位职责：
1.负责现场电梯维修、保养，及时反馈现场存在问题，配合站长做好年检以及有偿维保工作；
2.填写好维修、保养、部件更换记录；
3.负责接收、检查新安装进入质保期的电梯工作。
二、岗位要求：
1.有无经验均可投递，技术积累丰富者可以聘任为工程师岗；
2.吃苦耐劳，安全意识强，了解电梯结构，能及时排除各种故障，熟练掌握专用量具和仪表的使用；
3.本次工作地点在：江苏省南京市江宁区与浦口区，其他片区就近分配维保工作地点，欢迎投递简历进行了解。
4.公司招聘电话为辽宁沈阳号，请勿拒接或拦截！",学历不限,2,更新于 12月27日
蜜雪集团总部安保,7000-8000元,郑州管城回族区,蜜雪冰城股份有限公司,"工作职责：
1.负责办公场所或重要物品的日常安全保卫，防范突发安全风险，及时制止违规、危险行为并按流程处置；
2.参与突发事件（如安全威胁、意外事故等）的现场处置，快速采取防护、疏散、救援等措施，降低风险损失；
3.按规定路线和频次开展巡逻，检查安全隐患（如消防设施、监控设备、出入口管控等），做好巡逻记录并及时上报问题；
4.维护指定区域的公共秩序，引导人员、车辆有序流动，处理简单的现场纠纷，保障环境安全有序；
5.协助公安、消防等部门开展安全检查、应急演练等工作；完成上级交办的其他安全保障相关临时任务。

任职要求：
1.高中（中专）及以上学历，退伍军人，警、体校毕业生,具备消防设施操作员证、急救证书等相关资质者优先；
2.身体健康，无重大疾病、纹身及不良嗜好，体能达标（如耐力、爆发力、应急反应能力符合安保工作要求）；
3.具备基础安全防护技能，熟悉消防器材使用、应急疏散流程、简单急救知识（如止血、心肺复苏）；
4.掌握监控设备操作、门禁系统管理、访客登记流程，能快速识别安全隐患；
5.具备一定的冲突化解能力，能冷静处理口角、肢体摩擦等突发情况，不激化矛盾。",高中,1,更新于 12月27日
海底捞高薪直招长期工、钟点工,4000-8000元,苏州工业园区,杭州捞派餐饮有限公司第三十九分公司,"一、【招聘岗位】
门迎、传菜员、后厨、保洁、洗碗工、水台等。
二、【职位要求】
1.学历不限；
2.身体状况符合国家餐饮行业要求；
3.无不良记录和嗜好。
三、【薪资标准】
海底捞全勤实行计件工资制，多劳多得，入职后门店根据岗位评定初、中、高级员工，包食宿（企业宣讲期间除外）
四、【正式工福利待遇】
1.正式员工入职经店经理审批同意后，报销家庭地址到工作地的硬座火车票及汽车票；工作满半年公司予以报销办理健康证费用；
2.正式员工可享受带薪年休假；
3.符合条件的员工（夫妻双职工、店经理等）可享有公司提供的住房补贴；
4.凡在公司工作满三年的员工其子女可享受 2000-5000 元/年不等的教育补贴；
5.大堂经理级别员工父母可享受 400 元/月的父母补贴；店经理级别父母可享受 1600 元/月的父母补贴；
6.员工本人和直系亲属在门店用餐享受5-8折优惠（高峰期、法定节假日等除外）；
7.上述福利待遇的享受条件和适用范围以公司福利制度为准。
五、【发展途径】（经竞聘考核后可入职）
途径一：服务员—服务/门迎担当--大堂/后堂/值班经理--店经理；
途径二：职能部门（人力资源部、信息科技部、会员运营部、公共事务部等）。
六、【注意事项】
面试需提供个人身份证原件或身份证明材料。",学历不限,15,更新于 12月27日
安踏导购（洛阳）,5000-8000元,洛阳偃师区,安踏体育用品集团有限公司,"1、主动接待顾客的咨询，了解顾客的需求，提供良好的顾客服务，妥善处理客户纠纷、客户投诉；
2、 负责商品的来货验货、商家陈列摆放、补货、退货、防损等日常营业工作；
3、负责做好货品销售记录、盘点、账目核对等工作，按规定完成各项销售统计工作；
4、做好所负责区域的卫生清洁工作；
5、照店铺工作流程操作到位；
6、完成上级领导交办的其他任务；
7、按照促销计划实施促销活动；
8、促销产品及赠品的设计、制作及发放管理。",学历不限,1,更新于 12月26日
厂家业务（异地）,6000-12000元,朝阳双塔区,辽宁金德建材销售有限公司,"工作职责与要求：
1、学历高中以及上学历，27周岁—40周岁；
2、有2年以上的销售工作经验（实体行业优先），能够独立开发和维护所辖区域市场；
3、根据区域市场进、销、存情况，指导经销商调整渠道策略；
4、行业渠道建设，渠道管理和渠道关系维护等工作；
5、开拓建立与维护地区市场的代理渠道；
6、负责针对大区内各市场、各合作商全年销售计划的制定，制定各种销售措施，确保达成目标；
7、对区域代理商经销商的销售人员进行培训；
8、身体健康，品行端正，能够适应长期驻点工作，服从总部的安排
9、退伍军人及有独立创业经历的人优先；
薪资待遇：
提供极具竞争力的薪资待遇：无责任底薪4000/月（前2个月5000）+开拓提成百分之5+奖金（15000-20000）",高中,1,更新于 12月26日
行政班！武汉东站/提供食宿8300,7000-12000元,武汉江夏区,泰盈科技集团股份有限公司武汉分公司,"接受跨行业和小白，有人教
工作详情：后台线上处理，登记核对信息，不用外出，空调房办公
薪酬福利：平均薪资不低于7000，综合7-12k，五险一金，带薪年假
有餐补提供住宿！宿舍距离上班地点10分钟，公寓式住宿，空调热水器齐全
工作时间：行政班次从不加班！无夜班！周末休， 法定全放，福利待遇好！
具体工作内容可以详情私聊了解。",学历不限,10,更新于 12月26日
青州海底捞餐饮招聘服务员门迎,5000-8000元,潍坊青州市,简阳市海捞餐饮管理有限公司开封第一分公司,"一、【招聘岗位】
服务员、门迎、传菜员、后厨、保洁、洗碗工等。
二、【职位要求】
1.学历不限；
2.身体状况符合国家餐饮行业要求；
3.无不良记录和嗜好。
三、【薪资标准】
青州海底捞全勤综合工资4500-8000元/月，实行计件工资制，多劳多得，入职后门店根据岗位评定初、中、高级员工，包食宿（企业宣讲期间除外）。
四、【正式工福利待遇】
1.正式员工入职经店经理审批同意后，报销家庭地址到工作地的硬座火车票及汽车票；工作满半年公司予以报销办理健康证费用；
2.正式员工可享受带薪年休假；
3.符合条件的员工（夫妻双职工、店经理等）可享有公司提供的住房补贴；
4.凡在公司工作满三年的员工其子女可享受 2000-5000 元/年不等的教育补贴；
5.大堂经理级别员工父母可享受 400 元/月的父母补贴；店经理级别父母可享受 1600 元/月的父母补贴；
6.正式员工可享受五险一金；
7.员工本人和直系亲属在门店用餐享受5-8折优惠（高峰期、法定节假日等除外）；
8.上述福利待遇的享受条件和适用范围以公司福利制度为准。
五、【发展途径】（经竞聘考核后可入职）
途径一：服务员—服务/门迎担当--大堂/后堂/值班经理--店经理；
途径二：职能部门（人力资源部、信息科技部、会员运营部、公共事务部等）。
六、【注意事项】
面试需提供个人身份证原件或身份证明材料。",学历不限,10,更新于 12月30日
物流专员,7000-10000元,湖州,浙江京鸿供应链管理有限公司,我们正在寻找一位专业的物流专员，负责区域的派送任务 工作内容： 1. 负责部分区域的派送任务 岗位要求： 1. 大专及以上学历，物流、供应链相关专业优先； 2. 1-3年物流相关领域工作经验； 3. 熟悉物流操作流程及相关法律法规； 4. 良好的沟通能力和解决问题的能力； 5. 责任心强，有团队精神。,学历不限,1,更新于 12月29日
卡旺卡下午茶 7000+ 提供住宿,7000-11000元,合肥蜀山区,安徽泰盈信息科技有限公司,"公司直招 非中介
工作内容：主要是负责公司后台岗位，轻松无压力，可无经验
上班时间：早九晚六，月休5-6天，法定节假日休息
薪资福利：新人5000-6000，转正9000+，享受假期福利待遇：五险一金 餐补 生日福利",学历不限,10,更新于 12月25日
高级管理职位,5000-10000元,丽水,新华人寿保险股份有限公司丽水中心支公司,【新华保险丽水中心支公司招聘】 新华保险近年成绩亮眼。2024年红利实现率132.6%、近五年均值156.1%，高居行业前列；营收、净利润等核心指标高速增长，A股H股涨幅领跑同业。投资实力强劲，斩获多项行业大奖，综合偿付能力充足，理赔服务优质，同时积极践行社会责任，以国企担当交出优异答卷。现面向社会招聘优秀人员： 1.招聘要求：22—55周岁，大专以上学历，特别优秀者可适当放宽条件 2.品行端正，无不良嗜好，有营销从业经验者优先 3. 工作内容： ①每日8:30-10:30学习保险产品及金融专业知识 ②参加公司举办的各类型活动 ③每日做好客户档案记录 ④为客户提供家庭资产配置、保障规划的建议 ⑤提供保险咨询服务，根据客户需求定制保险计划 4.新人待遇：底薪3000+以上（10000-20000不等） 首年双佣+创业津贴+WLP培训支持 5.公司福利：国家法定假日+双休+度假补贴+养老补贴 上班地点：丽水市区或遂昌县（其他地区可面谈）,高中,1,更新于 12月24日
苏州昆山就近安排过年留守2000+急急招超市分拣员,7000-8000元,苏州昆山市,叮咚买菜,"每月12号发上月工资
工作内容：
1、负责店内的物品陈列，比如水果蔬菜日用的摆放陈列，负责叮咚买菜门店的定期巡场，记录并反馈陈列实施的效果。负责产品的现场打包：海带、山药、冬瓜等；
2、负责保持分拣陈列区、打包区卫生的干净整洁以及整体站内卫生；
3、货品的及时补充及摆放陈列；
4、分拣过程中注意事项的严格把控以及整体分拣时长的严格把控；
5、负责店铺日常陈列维护和调整，配合新产品上市和店铺陈列，商铺上架陈列；
福利待遇：
1、提供工龄津贴、为员工免费缴纳商业保险。
2、叮咚为直营站点，站长全部从一线岗晋升上来，发展空间大。
招聘要求：
1、18-35周岁，能吃苦耐劳。
2、有良好的服务意识，服从管理，无征信问题。
3、需要办理健康证
各区域人员需求量不一致，具体的面试时间及岗位招聘详情可以咨询相关招聘专员。",学历不限,1,更新于 12月24日
车险续保客服+五险一金（日照东港区）,4000-8000元,日照东港区,阳光财产保险股份有限公司6,"工作时间：早上8点30-12点 下午1点30-6点 双休 法定节假日都休息
发薪日：每个月固定10号 如遇到节假日提前发放
岗位职责：
1) 公司提供稳定且优质的客户资源，通过电脑智能外呼系统联系客户，进行车险续期业务的开展；
2) 室内办公环境，全天空调，环境优美，无需外出，无需资源；
3) 产品是车险！属于刚需！公司提供稳定且优质资源！销售难度低！收入稳定！
任职要求：
1) 18周岁-40周岁；
2) 具有一定沟通表达能力，普通话标准，音质佳，亲和力较好；
3) 勤奋踏实，热爱销售工作，有销售、客服相关工作经验者优先；
4) 反应灵敏，逻辑思维表达能力较强，同时具备一定抗压能力，稳定性强；
5) 身体健康。
薪资：
1) 岗前培训期：面试通过后参加6个工作日的带薪培训，享受培训津贴50元/天；
福利：
1)签订集团正式劳动合同（无外包、无派遣）；
2)享有社保及公积金（五险一金）；
3)无需外出拓展客户，无需客户资源；
4)室内办公（环境优美）；
5)正常行政班（无夜班无倒班）；
6)完善的培训体系，每三个月就有一次升职加薪；
7)定期举办丰富的团建活动；
8)法定节假日，29天带薪假期（年假、婚假、病假、产假）；
9)节日福利
10) 长期服务奖最高6000元/年，父母赡养津贴最高6000元/年，星光奖最高9600元/年；
没有经验没关系！！！我们没有试用期的！ 面试通过后会有为期6个工作日的带薪培训 培训结业后签订阳光保险集团劳动合同 公司是中国500强企业 我们有完整的培训体系和专业的培训教练 并且有团队主管带！！！",学历不限,3,更新于 1月2日
行政专员-北京,6000-10000元,北京大兴区,康龙化成,"岗位职责：
1、公司电话总机的接听与转接，做好来电咨询与重要信息的记录工作；
2、员工考勤及其相关工作；
3、来访人员的接待与引导，包括咨询来访者意图，对来访客人做好接待、登记、引导，安排洽谈地点，及时通知被访人员，对无关人员、上门推销和无理取闹者应礼貌拒绝；
4、做好北京园区与各分公司之间的物品转换工作；
5、做好本组文件、资产说明书、资料、记录的保管与定期归档工作；
6、负责公司通讯录、车辆维修保养记录等文件的更新工作；
7、负责员工信件的二次统计与收发；
8、负责行政部文件、合同等资料的存档管理；
9、负责公司客户日常到访的相关接待工作，确保会议顺利进行；
10、协助制订并完善接待管理规范及流程，建立重要客户来访档案；
11、负责定期对园区接待会议室、部门会议室、客用办公室进行盘点，汇总设备、设施等问题，与相关部门沟通解决；
12、负责公司员工公差及客户的票务、酒店预订，并将预订结果反馈给相关人员；
13、公司名片及各类印刷品的印制工作；
14、负责员工班车的正常运维及调度工作；
15、参与供应商的甄选工作，完成各项合同谈判及签订等后续工作；
16、协助完成接待库房的管理工作，定期盘点工作；
17、独立处理和解决所负责的各项任务，完成公司领导交办的其他工作任务。
任职要求：
1、本科或硕士学历，1年以上行政接待相关工作经验，英语沟通能力较好；
2、沟通能力良好，形象气质良好，具备一定的商务礼仪常识；
3、熟练使用常用办公软件与网络；熟练操作计算机、传真机等办公设备。",本科,1,更新于 今天
文件管理专员-武汉(J23304),6000-8000元,武汉江夏区,武汉药明康德新药开发有限公司,"岗位职责:
1. 负责各类档案的接收，整理，鉴定，分类，保管，借阅，销毁等档案全流程管理工作；
2. 负责按照档案库房相关制度要求，管理库房环境、安全及面积，保障公司档案安全妥善保存，库房面积有效利用；
3. 负责协助科研人员查询获取国内外文献，做好文献信息资源的开发利用工作；
4. 负责维护部门各内部系统在技术部门的应用；
5. 负责公司资质证照的跟踪管理及相关证照信息年检/审；
6. 负责公司印章的保管，使用管理；
7. 负责部门日常工作数据的分类，收集，汇总，处理，可视化输出；
8. 领导安排的其他工作。
任职要求:
1. 本科以上学历；档案、化学、药学等相关专业；有医药行业档案管理经验优先。
2. 责任心和执行力强，具有良好的团队精神，及沟通组织协调能力，
3. 能熟练使用Word、Excel、PPT等办公软件；
4.英语四级水平及以上。",本科,1,更新于 12月23日
260一天手机壳质检,7000-8000元,广州黄埔区,广东直聘网鸿旗信息科技有限公司,"工作内容：
1、岗位要求：16-55周岁，身体健康，勤劳认真，服从工厂管理；
2、薪资范围：底薪2300 综合7000-8500元/月，需入职正常体检
3、福利待遇：免费住宿4人间+社保+年终奖+工龄工资+绩效+技能补贴+旅游补贴 +车费补贴+六险一金，综合工资7000-8500；两班倒随机安排，上夜班有夜班补贴20元/晚，要体检，伙食补贴20元一天（现在入职充值饭卡，不需要带吃饭费用，带个人衣物就行）；
4、宿舍水电分摊一个月水电费在40元左右，4人间，公寓配备免费WI-FI、空调、洗衣机、娱乐室以及篮球、羽毛球等体育设施与器材；
5、年终奖：3000-7000元，根据入职月数、职级发放；
6、慰问金：100元（中国传统假节日，如端午、中秋、春节等）；
7、下午茶：每天下午免费供应面包、饮料、水果等；
8、文化活动：公司每月举办各类员工活动并提供丰厚物质奖励、月度工厂组织月度员工生日会，发放生日礼品；
9、工资发放：每个月准时15号发工资，工资卡自己本人提供；
10、工作时间：根据生产安排，月休4天，六休一，两班倒，一个月倒一次；
11、上班时间：8：00-19：30、中途休息1个半小时左右，真正上班时间10个半小时左右",学历不限,200,更新于 12月30日
26届大学生储备,6000-10000元·13薪,芜湖鸠江区,芜湖长信科技股份有限公司,"关于长信
公司介绍
芜湖长信科技股份有限公司 成立于2000年4月，为股份制高新技术企业，2010年5月在创业板上市（股票代码：300088），为芜湖市***创业板上市企业。目前集团本部立足芜湖，分子公司分布在天津、重庆、东莞、赣州等地，集团职工20000人左右。经过二十余年的发展,公司已成为国内重要新型平板显示关键基础材料生产基地，生产经营规模在国内外同行业位居前列。
业务介绍
1、公司主营业务包括车载电子、超薄液晶显示面板、超薄玻璃盖板（UTG）、消费电子等业务领域。
2、车载电子业务板块：业务既涵盖为客户车载 sensor、车载 sensor 模组、车载盖板（2D 和 3D）、车载显示模组等关键元器件；同时也为客户提供仪表盘模组、后视镜模组及中控屏模组、B柱、抬头显、正副驾驶显示屏、扶手屏等车载触显一体化模组封装业务。 客户包括日系、欧系、 美系、德系品牌车商，覆盖了全球70%以上的车辆品牌。
3、公司减薄业务规模雄居国内***，市占率高，一直服务于国际、国内***端客户群体。其中：凭借高稳定性、高良率和成本优势赢得 Sharp、LGD、 BOE 的一致认可。
4、消费电子业务板块：涵盖 VR 显示模组业务、智能可穿戴模组和柔性OLED可穿戴触控显示模组业务、高端Notebook、Pad模组业务、手机触控显示模组及其全贴合业务。
职位类别：
1、 研发技术类
新型平板显示器材技术研发相关工作。
包括产品技术研发、产品工艺制定、研发项目管理、光学工程师等岗位。
2、品质管理类
产品品质管理相关工作。
包括生产过程品质管控、客户售后技术服务支持、供应商品质管理等岗位。
3、生产管理类
车间人、机、物、料、法、环的综合管理工作。
包括生产工艺、生产管理、环境安全、生产计划、工单管理、体系管理、培训管理等岗位。
4、技术工程类
产品、设备设计及自动化相关工作。
包括结构工程师、电子设计工程师、机械工程师、设备工程师、工艺工程师、电气工程师、品质工程师、系统工程师、IE工程师、ESD工程师、水处理工程师等岗位。
5、市场营销类
协助国际项目进度追进，保证项目顺利进行和客户订单交付。
包括销售业务、客户关系维护、项目管理等岗位。
专业要求：
电气类、机械类、自动化类、化学类（无机化学、有机化学、分析化学、化学工程与工艺）、材料类（材料科学与工程、材料化学、无机非金属材料、材料科学与工程、材料学、复合材料）、物理光学类（光学设计、光电信息与科学技术、光学工程）、工业工程、智能制造等理工科；日语、韩语、英语等语言类；工商管理、质量管理、市场营销等专业。
任职要求：
1、本科及以上毕业生，热爱新型触控显示行业；
2、具有良好的品德修养、身心健康；
3、认同企业文化，工作责任心强，具有良好的职业操守；
4、有较强的团队合作能力、沟通协调能力和学习创新能力。
大学生储备岗——星火计划储备人才培养：
【课程安排】新员工入职培训——拓展训练——职业化公开课——产品技术知识分享——关键性岗位轮岗学习 —内部双选定岗
【培养形式】岗位实践 专题讲座 总结分享
公司福利：
五险一金 带薪年休 节日福利 生日礼物 人才公寓 文体娱乐室 员工食堂 员工活动
长信学堂 师徒教学 培训机会 长信花园购房",本科,20,更新于 12月23日
销售储备干部+苏宁直签+未央路店,4000-8000元,西安未央区,陕西苏宁易购销售有限公司,"工作职责：
1、协助主管做好本部门销售及服务管理工作，积极完成公司下达的各项指标及任务；
2、维护客户关系，为客户提供专业咨询、了解和发掘客户需求及购买愿望，介绍自己产品的优点和特色，挖掘潜在客户；
3、协助主管做好新员工的带教工作，以及促销人员管理工作；
5、熟悉操作相关流程，正确引导顾客消费；
6、对负责的本区域产品进行现场布置；
7、具有良好的心态和抗压力能力
薪资构成：无责底薪+绩效考核+星级工资+餐补+销售/带单提成 综合4-8K（上不封顶）
工作地点：西安市区内各门店就近分配
工作时间：单休、节假日调休
晋升路径：储备→主管→店长
职位福利：五险一金（试用期开始缴纳）、餐补、带薪年假、节日福利、绩效奖金、通讯补助",学历不限,1,更新于 12月22日
法务专员,6000-8000元,天津北辰区,长荣集团,"工作职责：
一、核心法律事务处理
1. 合同审查与管理
2. 案件处置：参与或牵头处理公司涉及的各类诉讼、仲裁案件。
3. 法律咨询与支持：为公司各部门及管理层提供及时、准确的法律咨询。
二、合规体系建设与风险防控
1. 合规体系管理：参与制定、完善公司的法律合规管理制度、流程及标准。
2. 法律风险培训：参与规划并组织实施法律合规培训。
3. 法律研究：结合公司业务（如新能源、医疗健康、软件科技等）进行法律研究
任职要求
1、教育背景与资格：须具备国内985或211院校法学专业本科及以上学历。通过国家统一法律职业资格考试（A证）者优先。
2、专业能力：具备严谨的法律逻辑、扎实的文书功底与良好的沟通协调能力，能独立处理合同审查、法律研究、文书起草等常规法律事务。
3、业务理解力：能快速学习并理解集团旗下多元业务（如新能源、医疗健康、软件科技等）的商业逻辑与运营模式，具备将法律规范转化为业务语言和可行方案的能力。
4、职业特质：责任心强，抗压能力好，能适应快节奏、多任务的工作环境；对新兴业态抱有持续学习的热情，并愿意在企业法务方向长期发展。
5、经验背景：欢迎优秀应届毕业生申请，同时也欢迎具有企业法务或相关行业实践经验的人士加入。",本科,1,更新于 12月22日
26届美的集团安得智联美的星-物流管理,面议,青岛李沧区,广东美的制冷设备有限公司,"岗位职责
1、负责仓储管货物收发与结存管理；
2、负责线路设计与规划，推动仓配运作提效；
3、负责物流成本控制和优化，推动精益物流改善；
4、负责物流信息化需求提出及跟踪落实；
5、负责车辆调度与司机管理；
6、对运营全流程各项KPI达成效果和质量负责，对异常进行纠偏和改善，确保客户满意和用户口碑。
必备项：
1、本科及以上学历，英语四级及以上；
2、交通运输类、物流管理与工程类等相关专业。
加分项：
1、有物流行业实习经验或者行业头部企业实习经验。
2、在校为学生干部，有大型活动组织经验。",本科,10,更新于 12月26日
材料工程师,6000-10000元·13薪,芜湖鸠江区,安徽楚江科技新材料股份有限公司,"岗位职责：
1、负责集团各子公司产品质量的跟踪、分析;
2、负责集团各子公司技改与项目分析、评价与管理;
3、负责集团各产业板块战略发展方向的研究。
岗位要求：
1、金属材料相关专业，本科及以上学历；
2、薪资根据面试情况面议
职位福利：五险一金、绩效奖金、节日福利、免费班车、年底双薪、宿舍、工作餐",本科,1,更新于 12月22日
财务管培生,6000-8000元,杭州萧山区,杭萧钢构,"一、岗位职责：
1. 财务会计与核算：协助处理日常账务，审核费用报销与付款单据；参与月度、季度结账流程，确保账务及时准确；
2. 税务管理：协助增值税、企业所得税等税种的申报与缴纳；参与发票管理，学习税务合规要求；
3. 资金管理：学习现金流预测与监控；处理银行账户管理、付款操作等；
4. 成本管理与内部控制：参与成本核算、分摊与分析，了解成本结构；学习内部控制流程；
5. 其他：完成领导交办的其他工作。
二、要求：
1. 专业：本科及以上学历，财务类相关专业；
2. 素质：工作认真细心、有责任心；逻辑思维能力较好；",本科,1,更新于 12月22日
机械技师,6000-10000元,重庆江津区,重庆伟星新型建材有限公司,"岗位职责：
1、设备维护与保养: 协助设备主管完成核心生产设备的日常点检、定期保养与预防性维护工作；
2、故障处理与支持: 快速响应生产线设备异常，可以独立进行故障诊断、分析及应急处理，协助恢复生产，并记录完整的过程报告；
3、设备安装与调试: 参与新设备的安装、调试、验收工作，学习并掌握新设备的操作与维护要点；
4、技术资料管理:协助整理和维护设备技术档案操作规程、维护手册及备品备件清单；
5、持续改进:参与设备效率提升项目，针对设备存在的瓶颈和问题，提出合理的改善建议；
6、团队协作: 与生产、工艺、质量等部门紧密合作，共同解决生产过程中的设备相关问题。
任职要求：
1、统招本科及以上学历，机械、自动化、电气等相关专业；
2、良好的沟通协调技巧、语言表达能力；
3、掌握CAD绘图能力；
4、工作责任心强、原则性强；
5、有一定的设备管理经验者优先。",本科,2,更新于 12月22日
c#上位机开发工程师,5000-8000元,南通启东市,林洋能源,"岗位内容：
1. 参与C#项目的设计、开发和维护工作
2. 根据需求文档编写高质量的程序代码，并按时提交任务
3. 协作完成产品的测试、上线和后期维护等工作
4. 解决项目中遇到的问题并提出合理的优化方案
5. 处理日常文档汇总和问题跟踪等事宜
任职要求：
1. 熟练掌握C#编程语言
2. 熟悉数据库相关知识
3. 关注前沿技术动态，对软件开发工程有基本认识
4. 较强的学习和解决问题的能力，英语良好，具备良好的逻辑思维能力和沟通能力",本科,1,更新于 12月30日
销售应届生（2026届）,6000-11000元·14薪,惠州惠城区,惠州亿纬锂能股份有限公司,"一、工作内容：
1、负责开拓新能源商用车动力电池等市场业务，了解客户需求，开发新客户；
2、根据公司业绩指标，制定销售计划和客户开发方案，维护和开拓新销售渠道，完成业绩；
3、了解行业动态，负责行业的市场调研，市场信息的搜集整理，密切关注市场状况及竞争对手动态，针对市场变化进行销售策略的快速调整，针对行业挖掘客户需求，并提出相应营销策略供公司决策；
4、参与项目商务投标工作；
5、负责不定期拜访重点客户，维护客户关系，完成市场调研和开发。
二、任职要求：
1. 学历背景：本科及以上学历，机械类、材料类等相关专业优先；
2. 经验优先：有学生干部经验、相关实习经历优先；
3. 个人特质：开朗自信，具有韧劲；具备良好的思维逻辑，学习能力强；
4. 工作地点：广东惠州驻点办公，根据客户情况国内出差开展销售工作，具备出差频率。",本科,5,更新于 12月19日
推广助理（base上海）,7000-12000元,上海闵行区,珠海泰诺麦博制药股份有限公司,"该岗位需在学术推广岗位上轮岗3-6个月时间，接受再投递。
【岗位职责】
1、整合公司内部和外部采购数据，同时针对公司内外部客户进行有针对性的市场调研，开展分管区域的市场分析及市场洞察工作；
2、根据全国产品定位和市场策略，梳理分管区域的短、中、长期推广策略，制定相应的项目规划；
3、搭建并维护区域专家网络，培育不同层级讲者，建立与产品组的中央级讲者输送与反馈模式，并定期对专家进行维护和拜访；
4、搭建区域学术活动开展平台，与产品相关主流学协会/基金会保持合作；与第三方合作伙伴开展合作，如CRO平台、数字化营销平台等；
5、根据营销中心市场活动整体规划，结合区域预算，设计区域全年和季度市场项目，并负责执行和跟进，确保项目目标的达成；
6、对公司内部营销团队和对公司外部合作伙伴开展市场相关培训，如市场策略、项目宣贯、学术营销等；
7、实时监测区域市场动态和竞争对手的推广活动，定期总结项目经验教训，及时调整推广策略，为后续推广活动提供参考和改进方向；
8、上级交办的其他工作。
【任职资格】
1、本科以上学历，医药生物相关专业，可接受应届毕业生；
2、具备市场推广策划、项目执行、团队协作、数据分析和沟通能力，提升产品知名度；
3、了解推广渠道、营销策略、市场动态、消费者洞察及相关法律法规。
对产品相关医学和产品知识能快速学习掌握；
4、具有较强的责任心、进取心和人际交往能力、执行能力、客户服务能力，数据分析能力；
5、能够熟练运用Word、Excel、PPT等常用办公软件 ；",本科,1,更新于 12月25日
后台信息校对,6000-8000元,泰安岱岳区,合肥泰盈信息科技有限公司,"内部直招 接受小白
工作内容:主要是后台岗位，轻松无压力，可无经验，每天吹着空调舒舒
服服 入职有带薪培训
岗位职责
登录后台，呼出登记岗 室内办公，吹吹空调上上班，轻松无压力
三.薪资待遇
保底4000，转正员工平均工资7000元+，优秀员工月收入超10000元＋
福利待遇
1.入职带薪培训，培训当天办理入职手续，办理住宿手续
2.员工享受法定节假日，年假，病假，孕假，哺乳假，婚假，丧假，工伤假
3.提供住宿，交五险一金
4.舒适的工作环境，泰盈直招，工作内容，薪资，考核，晋升由总部直接管理
5.公寓式员工宿舍，配备独卫空调洗衣机热水器无线网
6.晋升机遇多
纵向：主管-中心经理-项目经理-项目总监-大区总监-总经理-总裁合伙人
横向：质检-培训-人事-行政-技术-项目",中专/中技,6,更新于 12月24日
禽料技术服务工程师,7000-10000元,孝感安陆市,海大集团,"岗位内容：
1. 设计、开发和实施科学的动物饲养方案。
2. 开发、测试和分析不同类型动物饲料的配方。
3. 研究营养素在不同动物中的代谢作用和需求。
4. 改进现有的饲养程序，推动营养和饲料研究的创新。
任职要求：
1. 具有动物营养或相关领域的硕士学士学位及以上学历。
2. 优秀的数据分析和解决问题的能力。
3. 拥有良好的沟通技巧和团队协作精神。",硕士,3,更新于 12月19日
化验员,6000-8000元,安庆怀宁县,安庆英科医疗有限公司,"岗位职责：
负责热电厂水样、煤样、油样等的采集和分析，确保化验结果准确可靠。
操作和维护化验室仪器设备，保证设备正常运行。
按照标准操作程序进行化验分析，记录和报告化验结果。
协助上级完成实验室质量控制和质量保证工作。
参与热电厂的环保监测和节能减排工作。
任职要求：
具备化学、环境监测等相关专业的大专及以上学历。
熟悉水样、煤样、油样等的化验分析方法，具有2年以上热电厂化验工作经验，优秀本科应届生也可接受。
具备化学分析和仪器操作技能，持有相关化验员证书。",本科,1,更新于 12月31日
保底6000//包食宿//甲方优质岗位,7000-14000元·13薪,南昌红谷滩区,深圳乐信软件技术有限公司,"新人保底6000、保底6000.,均薪8000+
园区有新宿舍，新宿舍，新宿舍
包晚餐
备注：
本岗位是乐信集团直招岗位，入职即签正式合同，享受正式员工福利待遇，入职交五险一金，10号发薪底薪绩效一起发，综合收入8000-12000.
岗位职责：
1. 对内部平台的逾期客户进行电话催收，提醒及时还款并告知正确的还款方式；
2. 达成回收率的指标，对高风险客户及时提出风险预警；
3. 保持与实地催收及法务催收的紧密联系。
任职要求：
1. 中专及以上学历，有催收、客服、电销、销售相关工作经验；
2. 普通话流利；谈判及沟通能力强，反应敏捷；适应严谨规范化的管理；
3. 熟练电脑操作及常用办公软件。
福利待遇：
1.入职就缴纳五险一金
2.工作时间：9:00--18:30（午休一小时），18:30-19:00休息，一般会加班到8点（加班到8点会有晚餐），月休4-6天，标准月休8天，没休到8天的按照1.5倍加班工作算；
3.薪资：新员工首月保底6k，次月保底5k，老员工8k-2w，top员工2w+。
综合月薪=无责底薪2800-6000+提点0.78%-13.9%（回款金额*提点）+加班费+月度激励，提成不排名，看个人能力，回款越高、薪资越高！！
新员工首月提成保护3200，次月提成保护2200，与实际提成对比取高值。",高中,10,更新于 今天
管培生（本科）,6000-8000元·13薪,淮安清江浦区,天鹏锂能技术(淮安)有限公司,"工作职责：
1、质量问题立项闭环:对品质问题进行表征，针对改善内容进行闭环确认;
2、质量数据分析:对生产数据进行整理分析，运用质量工具识别反馈潜在问题；3、标准文件编辑与培训:编写SIP 并对员工进行培训和指导;
4、生产过程监控:定期对生产现场进行巡检，监督生产过程中的质量控制活动；
任职资格（岗位要求）：
1、本科以上学历，接受近三年往届，理工科，熟悉办公软件；
2、具备优秀的沟通能力，要求有较强的学习能力和适应能力；
3、有风险识别能力和解决问题能力；",本科,1,更新于 12月18日
体检中心妇科医生,5000-10000元,沈阳和平区,沈阳和平奥亚医院有限公司,"我们正在寻找一位专业、细致、富有同理心的妇科医生，加入我们的体检中心团队。本岗位的核心职责是为客户提供高质量、私密、专业的妇科体检与健康咨询服务。您将不仅是疾病的筛查者，更是客户健康知识的传播者和健康管理的伙伴。我们期待您能以精湛的技术和温暖的服务，为客户提供卓越的就医体验。
1. 专业体检服务：
· 独立、规范地完成妇科常规检查（包括外阴、阴道、宫颈视诊及双合诊/三合诊）。
· 准确操作并解读妇科B超（经腹/经阴道）影像，或与超声医生紧密协作。
· 规范采集宫颈脱落细胞（TCT）、HPV等标本。",本科,1,更新于 今天
典雅站过年留守2000+超市夜班防损,6000-8000元,常州新北区,叮咚买菜,"白天有工作的，不要投递简历哦，不适合，这是长夜班。
夜班陈列员夜班陈列员夜班陈列员夜班陈列员夜班陈列员夜班陈列员
【本公司承诺】
此职位叮咚招聘，不收费无套路，薪资准时发，面试通过当天试岗专人带教，入职即购买商业险，全市就近安排！
本岗位属于纯夜班，主要负责夜间的仓库管理，接货，仓库内货物的盘点，晚间工作轻松自由，一个前置仓内只需要招2名左右夜班人员，如果有想上夜班并且不想像工厂那样流水线工作，并且想要挑战高薪的，尽快联系确定就近分配站点！
【福利待遇】
1、薪资待遇：基本工资+职级津贴+夜班补助，综合7000+
2、其他福利：带薪年假、工龄津贴、职级津贴、绩效奖金；
【职位描述】
1、负责整体站内商品的接入、入库；
2、负责站内整体安全工作的保障；
3、负责商品的及时清点处理、及一键入库；
4、做好和仓管员的承接工作及完成站长安排的相关工作；
年龄要求：18-40岁
晋升空间：仓管---店长---主管，最快的是1个月升级一次",学历不限,1,更新于 12月31日
城区车险电话销售,4000-8000元·13薪,晋城城区,阳光财产保险股份有限公司6,"【岗位要求】
1、主要负责维护续保老客户；
2、纯室内办公，公司下发客户，不需自己找客户源。
【薪资待遇】
8小时行政班，轻松高薪收入5000-8000元，上不封顶、五险一金，法定节假日休息，每月10号准时发工资不必为房贷、车贷担忧。免费培训，包学包会，工作期间跟进培训。",学历不限,1,更新于 12月31日
年前入职，年后带薪开工｜物业租售岗热招,6000-9000元,郑州金水区,康桥悦生活服务集团有限公司,"康桥物业租售中心，作为康桥物业旗下的重要业务板块，依托康桥强大的品牌影响力和丰富的物业资源，为客户提供专业、高效、贴心的房地产租售服务。现因业务拓展，诚招置业顾问：
岗位职责：
负责康桥物业项目及周边相关房源的租售工作，包括新房、二手房、车位储藏间等。
热情接待客户，了解客户需求，为客户提供专业的置业咨询和解决方案，匹配合适的房源并陪同看房。
负责房源的开发与维护，与业主保持良好沟通，及时掌握房源动态，确保房源信息的准确与更新。
积极拓展客户资源，通过线上线下渠道进行客户开发与邀约，提高客户到访量和成交量。
协助客户办理房屋租售的相关手续，如合同签署、贷款办理、过户等，提供一站式服务，确保交易顺利进行。
关注房地产市场动态，收集市场信息，为公司提供有价值的市场分析和建议。
任职要求：
高中及以上学历，房地产相关专业或有销售经验者优先。
具备良好的沟通表达能力和客户服务意识，能够与不同类型的客户进行有效的沟通和交流。
工作认真负责，有良好的职业道德和职业操守，诚实守信，无不良记录。
我们提供：
具有竞争力的薪酬待遇，高额提成 + 奖金，让你的努力得到丰厚的回报。
系统的培训课程，涵盖房地产专业知识、销售技巧、客户服务等方面，帮助你不断提升专业能力。
广阔的职业发展空间，公司注重人才培养和晋升，优秀的置业顾问有机会晋升为团队主管、区域经理等管理岗位。
良好的工作环境和团队氛围，与一群优秀的伙伴共同工作，享受工作的乐趣
【应聘方式】
招聘热v：HR-z2002
联系人：张女士",高中,3,更新于 12月17日
采购管培生,5000-10000元,临沂蒙阴县,禾丰食品股份有限公司,负责配合采购经理，制定采购计划、审核采购需求、决定合适的采购方式，责采购相关数据的收集、整理、分析等工作；,本科,1,更新于 12月17日
须本科！无销售！银行955热线客服,6000-12000元,南京浦口区,安徽泰盈信息科技有限公司,"1：本科毕业及以上学历（含自考本科）
2：无经验者学习能力强，足够自信、大方也可！
3：由银行派遣团队统一管理，优秀者可转银行正式编制！
4：不加班！不加班！！工作生活互不打扰。
5：五险一金，十三薪、生日补贴，慰问金，高温补贴，三节福利，春节慰问大礼包，年度体检、带薪年假、婚假、产假、护理假、哺乳假等各项福利齐全！",本科,10,更新于 12月17日
娱乐主播,6000-12000元,铜陵铜官区,抚顺领航者文化传媒有限公司,"宝妈主播招募
时间自由、能兼顾挣钱和照顾家庭
1、弹性开播：带娃事业两不误
2、全职保底：实力护航稳定收益
3、全程带教：从0到1全程陪跑成长
无论你是唱跳达人还是幽默风趣，开朗大方还是内向面瘫，总有适合你的赛道
有属于你的聚光灯，用你的努力创造价值，让每一次陪伴都成为家庭与梦想的双向奔赴！",学历不限,50,更新于 12月17日
onvo乐道-行销顾问（红河蒙自）,7000-12000元,红河蒙自市,上海蔚来汽车有限公司,"工作内容：
1、价值观建立：在日常工作中，践行蔚来价值观；
2、团队工作计划：根据销售策略目标，制定工作计划和目标分配，以确保完成订单目标；
3、销售达成：执行接待任务，将潜在用户转化为真正用户，完成销售并向客户交付车辆；
4、用户关系管理：维护现有乐道车主，定期跟进追踪会员，增强现有车主品牌粘性；
5、市场/用户开拓：开拓潜在客户，与市场同事合作，开展店外营销活动；不断创新、积极主动地吸引潜在用户；
职位要求：
1、高中及以上学历，持有C1驾照，驾驶技术熟练，过往无重大交通事故记录；
2、1-3年一线地推销售经验，行业包括但不限于互联网、金融保险、房产、快消、新能源汽车及上下游产业；
3、掌握成熟的陌拜技能，能在非固定场所与潜在用户快速建立信任关系；
4、良好的抗压能力及韧性，能够适应高频次户外作业与差旅工作；
5、强目标导向，能够在户外/嘈杂等各类非专业销售场景保持专业服务状态，擅长挖掘场景中的潜在销售机会；
6、热爱新能源汽车行业，具备一定的学习能力，实时更新产品知识库。
7、此岗位为第三方性质岗位。",高中,1,更新于 1月1日
数采工程师（本科应届）(J10153),7000-8000元·14薪,成都武侯区,和利时集团,"岗位职责:
1.负责SCADA的需求调研、方案设计，梳理业务流程；
2.负责SCADA系统的配置，现场数采实施，包含硬件设备组态，数据采集，监控画面绘制；
任职要求:
1.了解MODBUS、RS232/485、PROFIBUS、TCP/IP等通讯协议
2.具备较强的沟通交流能力、学习能力、积极主动，责任心强
3.本科学历，智能制造/电气/自动化/自动控制/物联网等相关专业
4.在校期间至少获得过一次奖学金",本科,3,更新于 12月17日
周大福2026届钟表零售培训生,7000-9000元·13薪,深圳盐田区,周大福珠宝金行（深圳）有限公司,"岗位职责:
1、卓越服务体验：精通奢侈品服务标准，为顾客提供尊崇、专业的服务，深度诠释时计背后的文化与工艺内涵。
2、深度客户联结：用心经营客户关系，建立长期信任与联结，通过卓越服务提升品牌忠诚度与客户终身价值。
3、驱动业务增长：精通商品管理与销售策略，积极达成并超越个人及团队业绩目标，对业务结果负责。
4、精益运营管理：参与门店日常运营，包括货品陈列、库存盘点等，以高效运营支撑卓越服务。
任职要求:
1、学历背景：本科及以上学历，专业不限，怀抱从一线实战中崛起的决心。
2、核心特质：
①热爱驱动：对钟表文化与奢侈品行业有浓厚兴趣，乐于主动钻研复杂的产品知识。
②目标坚定：具备强烈的成就导向与抗压能力，对挑战性的销售目标充满激情。
③客户导向：拥有出色的亲和力与沟通能力，能迅速与客户建立真诚的信任关系。
工作地点：全国一线城市核心商圈旗舰店（如上海、青岛、昆明等），拥抱跨城市轮岗带来的视野与成长。",本科,999,更新于 12月27日
饲料销售员(鹅料、鸽料、虾料、鸡料、猪料、鱼料、鸭料),7000-14000元·15薪,揭阳揭东区,新希望六和,"1、负责本区域市场推广，指导客户销告确保营销目标的达成；
2、收集、分析市场及同行业厂家的信息并及时准确地传递到营销中心；
3、在充分的市场调研的基础上制定切实可行的营销措施报大区经理一营销部审批后组织实施；
4、负责本片区客户网络档案的建立和管理、大力拓展养殖户、建立片区标杆养殖户；
5、及时、妥善处理本片区客户投诉，配合技术服务人员处理好养殖投诉；
6、认真及时填报公司要求的各类报表，杜绝弄虚作假。
任职资格:
1、学历不限，专业不限，动物医学、动物科学、市场营销、水产养殖等相关专业优先；
2、具有敬业精神，能吃苦耐劳；
3、愿意投身农产业行业，有激情、团队及创新精神；
4、具有较强语言表达能力和沟通协调能力；
5、有相关客户资源及从业经验者优先。",学历不限,12,更新于 12月16日
房产销售 底薪+提成月收入过万,7000-14000元·15薪,北京朝阳区,北京我爱我家房地产经纪有限公司,"【薪酬待遇】新入职无责底薪+提成，高能力+高付出=高回报，你的收入取于你自己【公司福利】五险一金、精英国内外旅游机会、内部培训、学历提升计划等爱家赢企业文化精神下的各种员工关怀。
【岗位职责】（1）负责新客户、新业主的开发以及负责老客户的维护；（2）负责所有渠道的业主与客户的接待和咨询；（3）掌握客户与业主的的需求，进行资源匹配；（4）陪同客户实地看房，进行商务谈判，签订三方合同，促成房地产经纪买卖和租赁业务",学历不限,7,更新于 12月16日
急招油漆工 五险一金 包吃,7000-9000元,徐州云龙区,深圳南区人瑞人力资源服务有限公司,"涂装工
月薪7000+
不需要证 面就过
原标题：《快来赚钱回家过大年啦！300一天普工》",学历不限,10,更新于 1月3日
社群运营专员（金源店）,5000-8000元,重庆江北区,居然之家,"1.负责公司现有各大业务事业群用户社群的渠道搭建及运营管理，包括但不限于解答疑问、工作沟通维护关系、优化运营流程等；
2.负责核心用户的拉新、活跃、留存及转化等运营指标；
3.通过监控日常运营数据和实时分析，及时调整运营方向及策略，促进最终指标的完成；
4.策划线上社群活动，提升用户活跃度，提高社群粘性；
5.与市场运营团队紧密配合，优化服务流程提升客户体验，加强客户粘性；
6.将每项工作项目制管理，并建立标准化执行文档。
岗位要求:
1.本科以上学历；
2.认同公司企业文化，愿意帮助用户成长，对家居建材行业热爱；
3.热爱与人沟通交流，解决问题；
4.执行能力强，态度认真，有亲和力，同理心；
5.热爱学习，有很强的个人成长欲望；
6.对社群渠道与用户需求有独到见解的工作经历者优先；
7.接受单休。",本科,1,更新于 12月30日
东丽上市企业挑战不进厂稳定7000+包吃住 轻松活,7000-8000元,天津东丽区,天津睿盛人力资源有限公司,"长白班/两班倒自选，当天安排住宿岗位自选
要求：18-45周岁，不限性别
岗位： 检验员/扫描员/电牛驾驶员/仓库包装工
自由休息，没有流水线，住宿四人间，上床下桌，WiFi空调、独立卫浴配备齐全，面试包过，薪资待遇6500~12000不等，留言咨询",学历不限,50,更新于 12月15日
仁和新城 安踏GUANJUN-销售顾问MJ014167,5000-8000元,成都武侯区,安踏体育用品集团有限公司,"工作内容：
1. 负责了解顾客需求，推荐匹配的产品，提供良好的顾客服务；
2. 负责店内产品的补货、退货、陈列维护；
3. 负责门店VIP会员发展与维护；
4. 负责在小红书等自媒体分享安踏冠军系列产品。
职位要求：
1. 中专/高中及以上学历，身高不低于 170cm/160cm；
2. 亲和力强，沟通能力佳；
3. 有零售行业经验优先；
4. 有运动爱好者优先。
薪酬福利：
1.薪酬：底薪+个人提成，底薪5000±400 ，另加提成；
2. 入职购买五险、节假日福利、团建、额外激励奖金...
培训与晋升：
1. 定期组织培训学习，每个季度1次晋升机会；
2. 晋升路径：初级导购→中级导购→高级导购→助理店长→店长。
工作时间：早晚轮班。",高中,1,更新于 12月14日
诚聘 需本科 双休 7000+,7000-8000元,合肥包河区,合肥泰盈信息科技有限公司,"岗位职责：
我们承接银行中后台业务，岗位较多，此外对于统招本科及以上学历朋友 目前有理财专员岗位在招，行内办公，待遇优厚，欢迎咨询。所有岗位可以接受无经验（滨湖 蜀山 包河均有分公司）。
薪资构成：
基础4500（正常出勤上下班，完成日常工作都可以拿得到），税后到手薪资稳定在7000-11000左右，提供住宿，缴纳五险一金。
上班时间：
早上九点到下午六点，月休6-8天，享受国家法定假。
福利待遇：
面试通过即可办理住宿，节假日福利，项目激励奖等。",本科,10,更新于 12月30日
打磨工,6000-8000元,烟台福山区,烟台艾迪精密机械股份有限公司子公司,"工作职责：
操作角磨机打磨零件
任职要求：
1.会使用角磨机，能吃苦；
2.身体健康，能接受倒班
福利待遇：
五险一金+高温补贴+节日福利+带薪年假+年终奖+免费住宿工作餐、上下班车",学历不限,5,更新于 12月23日
销售工程师,6000-10000元,成都武侯区,通威集团,"岗位职责：
1.负责常驻地（山东、河北等）相关区域客户开发；
2.负责客户技术支持管理，持续为客户输出优质检测服务和专业的技术支持；
3.负责宠物食品客户管理，做好区域客户开发、维护、满意度调查、投诉处理等工作。
岗位要求：
1.本科及以上学历，宠物、动物医学、饲料、检测等相关专业优先，需长期出差。
2.有较强的市场开发能力，思维活跃、亲和力强、善于交流与沟通。
3.有第三方检测经验、宠物食品行业等经验优先。
职位福利：六险一金、通讯补助、定期体检、带薪年假、节日福利、周末双休",本科,2,更新于 12月15日
进厂听告白气球拉长不管,7000-8000元,广州番禺区,广东直聘网鸿旗信息科技有限公司,"感兴趣，直接交换电话 可或者联系方式加我咨询
感兴趣，直接投递简历，谢谢！
好消息，新的一年高峰期来临，订单猛增，工资稳定待遇好。
【招聘要求】16-45岁，男女不限，身体健康即可，生手熟手均可
【临时工】3 0 0一天，包吃住，可以周结可以月结，辞职提前1天，人走帐清，包吃住，月休4天，节假日，过年带 薪 休假。
【长期工】固定底薪8000，每天固定上班时间，8-6点，中间休息2小时，26天制，购买社保五险一金，节假日，过年带薪休假，辞职提前7天，人走账清
【特别备注】有家庭困难，做满10天，可以预支 3 000
【住宿】公寓宿舍4人，有空调，热水器，洗衣机，配有WIFI，独立卫生间！
包吃住，包脱单，新厂房，人性化管理",学历不限,99,更新于 12月12日
客服专员/无责底薪/六险二金,4000-8000元,郑州金水区,中国平安人寿保险股份有限公司河南分公司3,"平安集团下平安普惠
招聘岗位:客服专员
平安集团正式编制员工，无任何销售任务
1.福利待遇
【平安集团正式员工编制，六险二金】
【节日奖金，过节费，降温取暖费，寒，热补贴费，生日奖金，年终奖均可享受】
【工资结构为无责底薪+绩效佣金+年终奖，每三月按照绩效排名，靠前可晋级升底薪】
【绩效奖金：除底薪外绩效奖金6000-15000】
2.发展空间
事业部中心，负责华中片区工作，管理层90后为主，氛围比较好，平安集团正式员工，晋升制度透明，领导岗位与后线管理岗位全部为内部晋升，无任何外聘岗位，发展机会多，是一份可以作为终身事业的工作
3.工作环境
五星级办公楼办公，不涉及销售，外出和出差
4.工作内容
在符合国家法律法规的基础以及沟通公司合规政策基础上维护客户征信，处理平安内部客户问题，给予解决方案
⚠️⚠️⚠️
不涉及销售❗️❗️❗️不涉及主动开拓业务❗️❗️❗️本科以上学历，对工作经验无要求，要有空怀学习心态，更看重可塑性！",本科,1,更新于 12月19日
时间自由月入过万身无分文做骑手,6000-10000元,南通崇川区,江苏佳妮送电子商务有限公司,"送餐员骑手配送员）职位属于美团站点直招，面试不收任何费用，提供员工宿舍，依个人情况南京就近安排站点工作。
【面试通过，当天办理入职，当天上班，提供住宿，公司可配车】站点会给骑手送餐员下载骑手专用APP导航。根据导航送餐。
晋升机制：骑手一组长一储备站长一站长一区域经理一城市经理
职位要求：
1、男女不限18-57周岁，品行端正，无不良嗜好，无犯罪案底.
2、具备快速的学习能力，会骑电瓶车，灵活的使用智能手机，熟悉使用手机地图，导航。
.3、有良好的服务意识、和服务精神。
4、吃苦耐劳，有强烈的目标感；工作职责
5、所属区域内，安全，快速，友善的将餐点送至地点
工作时间：
1、高峰时间在线：早9:00-14：00晚17:00-21:00
2、每天需要在岗8个小时，其余时间自行安排
5.外卖送餐员月工资6000-9000元计件提成单价5-7一单，每天平均50-100单/天，雨季.假期容易爆单.单量增加.只要你付出肯定就会有收获。
6、公司提供住宿，生活用品需要自带。
7、公司统一为员工购买保险。
8、住宿环境：2-3人一间，空调，洗衣机，淋浴间.....等
福利津贴：全勤奖+服务奖+车补+餐补+话补+高温补贴+高峰补贴+冬季
温馨提示：本信息公司直招，有车可自带车入职，没车公司可配车辆
本职位已加入求职保障计划，站点直招非中介，入职没有任何费用，请各位求职者放心。求职人多，有意向的着急上班的请致电，可以安排优先面试",学历不限,20,更新于 12月12日
典雅站过年留守2000+急急招超市分拣防损,7000-8000元,常州新北区,叮咚买菜,"每月12号发上月工资
工作内容：
1、负责店内的物品陈列，比如水果蔬菜日用的摆放陈列，负责叮咚买菜门店的定期巡场，记录并反馈陈列实施的效果。负责产品的现场打包：海带、山药、冬瓜等；
2、负责保持分拣陈列区、打包区卫生的干净整洁以及整体站内卫生；
3、货品的及时补充及摆放陈列；
4、分拣过程中注意事项的严格把控以及整体分拣时长的严格把控；
5、负责店铺日常陈列维护和调整，配合新产品上市和店铺陈列，商铺上架陈列；
福利待遇：
1、提供工龄津贴、为员工免费缴纳商业保险。
2、叮咚为直营站点，站长全部从一线岗晋升上来，发展空间大。
招聘要求：
1、18-35周岁，能吃苦耐劳。
2、有良好的服务意识，服从管理，无征信问题。
3、需要办理健康证
各区域人员需求量不一致，具体的面试时间及岗位招聘详情可以咨询相关招聘专员。",学历不限,1,更新于 今天
客服/可实习/可短期-包住宿,4000-8000元,赣州章贡区,富联精密科技(赣州)有限公司,"岗位职责：
1、负责筛选目标客户资料，通过电话与客户进行有效沟通
2、了解客户需求，提供合适产品，与客户建立良好的业务关系
任职要求：
1、高中及以上学历，有电话销售经验者优先
2、普通话标准流利，具有良好的沟通表达能力
3、有良好的学习能力、适应能力和抗压能力",高中,1,更新于 12月31日
【西南区域经管集团】生产运营部经理,6000-9000元,南宁江南区,中国燃气,"核心职责：
1.组织完成部门年度目标责任和费用预算，及时传达贯彻公司的指示、决定和要求，并结合部门实际情况加以贯彻落实。
2.结合部门实际情况做好气源的调度、输配和计划，负责管道气生产、输配过程、输差管理及管网优化。
3.组织部门制订设备的定期检测、维修和保养工作计划，确保设备完好，落实设备管理到人。
4.组织部门安全工作，安排好年度应急演练，监督检查场站、管网、临供等设施的安全运行检查、维护及管理。
5.负责做好部门对外协调，以及相关部门横向联系，并配合、协助其他部门工作。
6.做好分管业务模块的安全工作，加强对安全工作的领导，监督部门定期进行安全教育、培训和检查评比，发现问题及时整改。
任职要求：
1.中级及以上职称及相关从业资格。
2.有3-4年及以上燃气行业或能源行业从业经验。
3.学历年龄要求：40岁以下，本科及以上，燃气、化工、机械等相关专业。（工作经验丰富或具备相关职称和资格证书的以上条件可适当放宽）
4.学习能力强、抗压性好，能接受南宁、崇左、百色工作调配，认可岗位薪酬模式，职业稳定性佳。",本科,1,更新于 12月11日
诚聘普工/操作工 月入8000（包住 空调）,6000-8000元,成都郫都区,中自科技股份有限公司,"岗位职责：
1、设备首件调试、上载体、设备状态监控及问题处理等工作，并按要求填写生产记录；
2、及时解决、上报生产过程中遇到的问题，识别不良品并进行标识，日报生产量。
任职要求：
1、接受加班和倒班；
2、年龄45岁以下；
3、大专以上学历。
薪资福利：
1、待遇：五险一金，底薪+加班费/计件费+夜班补助+年终奖金/绩效奖金等；
2、免费提供三人间公寓宿舍，免费工作餐（有深夜餐）
原标题：《直招普工/操作工 五险一金 提供食宿》",大专,1,更新于 今天
电话销售客服【大厂直招+超轻松】,7000-12000元·13薪,武汉江夏区,深圳乐信软件技术有限公司,"分期乐直招夜班电销专员（客服经验、电网销经验均可）
【工作时间】做五休二，排班
夜班：13:00-21:30，法定节假日休，无补贴，包晚餐
大夜班：16:00-24:00，法定节假日休，夜班补贴(50元/天)，包晚餐
【薪资待遇】做五休二，综合薪资7000-10000，超稳定的
无责2100+绩效基数4000-8000（系数0.8-1.5浮动）+夜班补贴（50元/天)+包晚餐+年终奖+五险一金+免费体检+各种福利
【岗位职责】
1、大夜班21点前接电话营销，21点后企微在线回复客户即可，无需电话
2、通过电话等方式给客户介绍公司产品与服务，挖掘客户潜在需求，寻找销售机会并完成销售业绩，完成公司下达的销售指标;
3、维护客户关系，为客户提供专业的服务与业务解析，以促成订单;
【任职要求】
1、高中中专以上学历，有教育培训、呼叫中心、客服、电销相关工作经验；其中有教育培训、客户服务热线经验优先考虑:
2、谈判及沟通能力强，反应敏捷，适应严谨规范化的管理；
3、年龄18-35，能够接受夜班作息时间",高中,10,更新于 12月16日
医药销售区域经理—霍邱县,6000-12000元,六安霍邱县,黑龙江珍宝岛医药贸易有限公司合肥分公司,"岗位职责：
负责辖区内药品的销售，主要面对的客户群是各乡镇卫生院的采购、院长、医生
一、熟悉公司产品的相关知识，确保向客户传达的产品知识准备无误、按要求推进省区各项目工作；
二、负责区域市场的有效管理，推进产品准入并传递产品信息，产品使用问题解答处理。
三、定期向上级反映辖区的销售情况和销售计划，对辖区内客户进行档案管理；组织开展学术活动，管理客户，培训，评估；
四、组织开展学术活动，管理客户，培训，评估并实施月度、季度及年度相关学术动作落实与推进；
五、负责地区每月的进、销、存台账的建立，并对客户精细化管理。
六、按照公司整体计划推进完成公司下达的各项任务指标；
七、严格遵守公司的各项规章制度，完成本区域内产品的销售工作以及公司交代的其他工作
任职资格:
一、不限学历、专业、工作经验等
二、年齡:22岁-35岁，但是要踏实勤奋，愿意学习，吃苦耐劳
【招聘区域】：六安市霍邱县乡镇卫生院
【操作产品】：3+N集采目录，属性好无后缀，市场潜力巨大
【公司福利】：季度奖金+节日福利+年终激励+法定假期+定期大小团建活动+优秀员工奖励等
【环境氛围】：愉快的工作氛围，弹性的工作时间，人性化的管理
【薪资待遇】：面谈，基本工资加补贴，优秀人员每年可浮动上涨工资，季度奖金、增长奖加年度超额完成奖等，提成丰厚 。",学历不限,1,更新于 今天
正编车险室内客服丨岗位轻松休假多,6000-12000元,佛山禅城区,阳光财产保险股份有限公司6,"名额有限，招满即至！！！主动投递优先录用！！！

法定节假日都休息 发薪日：每个月固定10号 如遇到节假日提前发放
岗位职责：
1) 公司提供稳定且优质的客户资源，通过电脑智能外呼系统联系客户，进行车险续期业务的开展；
2) 5A级室内办公环境，全天空调，环境优美，无需外出，无需资源；
3) 产品是车险！属于刚需！公司提供稳定且优质资源！收入稳定！
任职要求：
1) 20周岁-39周岁，身体健康，无犯罪记录，征信良好；
2) 具有一定沟通表达能力，普通话标准，音质佳，亲和力较好；
3) 勤奋踏实，有销售、客服相关工作经验者优先；
4) 反应灵敏，逻辑思维表达能力较强，同时具备一定抗压能力，稳定性强；
薪资：
1) 岗前培训期新人礼享受50元/天，总计培训6天（入职前自愿参加培训）；
2) 在岗任职期：职级底薪+职级津贴+高业绩提奖，转正后，依业绩达成月均6000元-15000元，上不封顶。
福利：
1)签订公司正式劳动合同（无外包、无派遣）；
2)享有社保及公积金（五险一金）；
3)无需外出拓展客户，无需客户资源；
4)正常行政班（无夜班无倒班）；
5)完善的培训体系，依工作表现，每三个月就有一次升职加薪；
6)多劳多得，丰厚的年终奖金、绩效奖金；
7)定期举办丰富的团建活动；
8)全年七个法定节假日，29天带薪假期（年假、婚假、病假、产假）；
9)七大节日福利（元旦、春节、元宵、中秋、端午、三八节、儿童节）、生日福利；
10) 鼓励勤奋工作，符合条件时，长期服务奖最高6000元/年，父母赡养津贴最高6000元/年，星光奖最高9600元/年。

没有经验没关系！！！我们没有试用期的！ 面试通过后会有为期6个工作日的岗前培训 培训结业后签订阳光保险劳动合同 公司是中国500强企业 我们有完整的培训体系和专业的培训教练 并且有团队主管带！！！",学历不限,8,更新于 12月22日
餐饮开发业代,5000-9000元,汕尾城区,东鹏饮料,"工作职责:
1、按公司制定的销售计划，完成销售任务；
2、按要求定期拜访客户，跟进区域内客户的库存；
3、根据各区域特性，积极开拓新客户，建立完善区域网点客户开发与管理；
4、维护市场品牌整体形象，了解竞品动态，及时反馈市场信息；
5、维护公司价格体系，防止恶性竞争；
6、完成所属上级领导安排的其他工作。
任职资格:
1、高中以上学历；
2、一年以上快销品行业工作经验；
3、工作责任心强，能吃苦耐劳，有一定沟通谈判能力技巧。
职位福利：五险一金、带薪年假、定期体检、定期团建、绩效奖金",高中,2,更新于 1月3日
终端业务员（非厂家人员）-【桂林全市】,5000-10000元,桂林阳朔县,洽洽食品股份有限公司,"一、岗位要求：
1、性别:不限;
2、学历:高中及以上，年龄40岁内；
3、工作经验:会驾驶常见送货交通工具(如电动三轮车、面包车等)、有食品快消品销售经验者优先;
4、必备能力:良好的与人沟通能力、执行力较强、能吃苦耐劳:
5、熟练使用智能手机及B2B、O2O等App软件;
6、日访门店15-20家及以上，月访门店250-300家及以上。
二、岗位职责：
1、收集市场网点信息、维护区域市场内的各类终端网点;
2、建立良好的客情关系，及时了解终端客户的需求;
3、洽洽产品主力品类的推广及新品的铺市工作;
4、根据陈列标准图上架、陈列、摆放产品，整理货架;
5、根据自身市场情况制定车销路线形成规律拜访，处理终端市场需求;
6、根据公司要求执行终端客户促销活动，负责治治企业形象的维护及品牌宣传工作；
7、与公司共同成长，成为一名合格的渠道事业小老板。
说明：此岗位为非厂家业务，请知悉后投递！",高中,1,更新于 12月10日
招聘CNC/数控操作-五险,6000-9000元,马鞍山雨山区,蓝黛科技集团股份有限公司,"岗位概述：
1、主要负责汽车零配件产品的生产加工，CNC数控机床操作；
2、执行车间生产安排。
岗位要求：
1、性别不限；
2、吃苦耐劳，身体健康；
3、适应倒班、站班。
原标题：《数控操作工》",高中,30,更新于 12月30日
后勤（卖猪、驻场、五险一金、包住）,5000-10000元,宿迁沭阳县,新沂牧原农牧有限公司,"岗位职责：
1、准确交付：依照销售计划安排，及时准确过磅，保证场区销售计划顺畅高效执行，准确率100%；
2、生物安全防控：做好生物安全清消，管理好司机等人员行为，保证生物安全零风险；
3、做好现场品质把控，提升客户服务，提升客户满意度。""
任职要求：
1、35以下，大专及以上学历，优秀者可放宽至高中/中专，专业不限；
2、执行力强，标准高，心智坚毅；
3、善于思考，注重细节，责任心、上进心强。
岗位福利
五险一金、免费住宿、员工食堂、股权激励、节假日福利等",学历不限,6,更新于 12月10日
电商电话客服,6000-8000元,上海嘉定区,深圳南区人瑞人力资源服务有限公司,"岗位职责：
1. 负责供应链相关时效/质量/售后类问题的工单处理；
2. 针对客户反馈问题高效跟进，以工单回复或者外呼形式解决客户问题；
3. 负责跟承运商/内部各个环节对接，提升处理效率；
4. 负责协助客服主管收集客户体验问题，综合进行客户体验提升项目优化。",学历不限,45,更新于 12月9日
仓管员,5000-8000元,绍兴上虞区,浙江闰土股份有限公司,"1、年龄25-40周岁，高中以上学历。（大专及以上学历，工商管理、物流管理等相关专业，有相关工作经验者可以适当放宽）
2、具有良好的表达沟通能力，身体健康，品行良好，吃苦耐劳，不拉帮结派，有团队合作精神。
3、长白班，有仓管员、仓储部门相关工作经验者优先。",高中,1,更新于 12月9日
娱乐主播（可兼职可居家）,6000-12000元,承德双桥区,抚顺领航者文化传媒有限公司,"职位描述：负责与我司合作的各大平台在直播间与粉丝互动和展示才艺，直播方式以视频唱歌跳舞聊天互动为主，包括优质的电台主持等形式主持。
职位要求：
1.五官端正，形象好气质佳，阳光自信，上镜效果好，男女不限，才艺不限。
2.性格开朗，有才艺更佳，良好的需要表达及沟通能力。
3.有较强的互动能力，场控能力，能营造浓厚的现场互动氛围。
4.工作时间自由，工作场地可在家直播。
5.无需任何费用，公司负责免费培训，运营一对一指导。
6.只要你有一个主播梦、明星梦。我们会倾尽全力打造你。
7.做全职主播我司为你量身打造属于你的原创歌曲，包括发行。全额奖励。
8.求职主播一律在家开播。无论在任何城市，无需到公司进行直播与面试；",学历不限,10,更新于 今天
急招CNC/数控操作 工龄奖 包午餐,5000-8000元·13薪,天津东丽区,天津津荣天宇精密机械股份有限公司,"岗位描述：
• 主要负责加工中心工作,按时完成产品或工艺所在环节分配的生产任务；
• 严格按照工艺文件和图纸加工工件，正确填写工序作业程序单和其他质量记录；
• 负责机床的日常维护保养；
• 工作中，改进自我水平并且就生产过程中的问题提出建议
• 负责本工序的5S/EHS/TPM等工作
任职要求：
• 技校、中专或高中（含）以上学历；
• 有操机基础，了解对刀、上下件等工作流程
• 能接受升职，愿意培养新人，愿意担任组长或更高级的职位
• 熟悉发那科三轴等加工中心机床等优先；
原标题：《加工中心操作工/CNC》",学历不限,1,更新于 12月22日
招聘普工/操作工 月入8000（包住 四人间）,5000-8000元,合肥瑶海区,京东方科技集团股份有限公司,"一、[工作内容]
检测产品不良、组装，包装，贴片，投屏等岗位（有意向岗位可面试备注）
二、[岗位要求]
1.学历:初中及以上学历
2.任职要求:接受倒班，能够接受无尘服；
3.接受无经验，入职有带薪培训。
3.工作时间
白班: 8:30-20:30
夜班:20:30-8:30
以上时长含休息时间，每天计薪时长为10h，休息时长2h;
4.排班:两班倒，上六休二或上四休二（计薪方式一样）,半个月或一个月倒一次班，具体视岗位而定。月休5-8天。
三、[薪资构成]
综合工资:5K-8K(基本工资+加班费+夜班补贴+绩效奖金);
夜班津贴35元/天。
*工资为税前平均水平，薪资根据不同出勤、岗位和个人表现会有所差异。
四、[生活条件]
①、餐：月均餐补600-900元(公司每月充值餐卡，独立于工资之外)；
②、宿：4人间宿舍，配备卫浴、空调，电视机，免费WIFI，每月仅有30块钱物业费。
③、生活区配套设施齐全：生活区超市、理发店、室内室外篮球场、足球场、羽毛球场、乒乓球馆、台球厅、健身房、快递驿站等。
五、[其他福利]
①、年度体检:年度免费健康体检;
②、其他补助:生日贺金、节日礼金、结婚贺金，丧葬慰问金等。
③、免费提供工服和工鞋；
④、入职即缴纳五险一金。
六、[发展机会]
1、管理职通道：代理组长-组长-班长......
2、技术职通道:Level2-Level3-Level4......
定期进行岗位技能评定，技能突出者提供晋升机会以及薪资提升!
原标题：《0元入职京东方人事部直招/面试简单，包吃住》",初中及以下,100,更新于 12月8日
财务实习生,6000-8000元,上海闵行区,上海英恩国际贸易有限公司,"职位描述：
1、做好公司销售收入应收账款的日常核算和管理工作；
2、做好销售开票审核以及开票等工作；
3、每月进项发票认证抵扣；增值税纳税申报工作
4、每月集团内部销售对账；
职位要求：
1、本科及以上学历，会计学或财务管理等相关专业；
2、具有较强的经营管理和财务会计管理方面的知识，有销售会计经验优先；
3、遵守国家法律、法规，正确贯彻执行国家的财政、财务、会计政策，具有良好的职业操守；
4、熟悉财务系统软件，能够熟练应用Excel、Word、PPT等办公软件；
5、工作细致认真，具有高度的责任心，抗压性强；
6、具有良好的学习能力、沟通能力、团队协作精神",本科,1,更新于 12月6日
技术服务工程师 (MJ005512),7000-10000元,武汉东西湖区,海大集团,"1.主要负责公司指定区域的售后技术服务和技术指导及售后服务跟踪；
2.熟悉养殖模式，了解养殖产品规格.投喂方式等；
3.负责养殖户资料收集.案例收集；
4.掌握并了解禽料或水产养殖，疾病预防及敌害生物的防治；
5.对所辖区域的养殖现状进行定期评估养殖效果；
6.定期做技术案例及总结以推动技术发展。
岗位要求：
1.硕士以上学历，水产等相关专业；
2.1年以上禽料或水产养殖或水产服务类工作经验，熟悉禽料或水产行业产品特性优先；
3.具备吃苦耐劳，积极进取的精神，能适应长期出差。",硕士,1,更新于 12月5日
镀膜工艺工程师,7000-10000元,南昌红谷滩区,江西沃格光电集团股份有限公司,"工作地址在新余，介意勿投。
岗位职责：
1.样品投产方案拟定及制作跟进；
2.新工艺新材料的验证开发；
3.品质异常的分析处理；
4.良率跟进及提升；
5.设备规格的评估和需求；
6.客户需求达成能力评估；
7.新设备能力测试及验收；
8.量产工艺的改善及新技术方案开发测试。
任职要求：
1.材料/化学/物理理工科类专业
2.掌握材料、化工等本专业的基础理论
3.熟练使用办公软件
4.能快速理解新事物，将理论应用于实践
5.沟通协调良好
6.能接受倒班和挑战，对自己的工作结果负责",本科,1,更新于 12月19日
中国/交通银行纯接听 无销售无试岗 7000+,6000-12000元,合肥包河区,合肥泰盈信息科技有限公司,"工作内容：给使用信用卡消费的用户办理账单分期，减轻客户还信用卡的压力，录入银行系统办理操作即可，无需外出跑业务，比较简单轻松
工作时间：朝九晚六 月休6天，
保护薪资：考虑新人没有经验，新人保护薪资4500+，试用期4500-6000，转正综合薪资：7000-18000高薪部分员工：在15000~40000+
福利待遇：五险一金，提供住宿，法定假日休，有餐补，有下午茶，入职满3个月后晋升主管机会。",中专/中技,1,更新于 12月5日
渠道专员,5000-10000元,西安蓝田县,西安万科企业有限公司,"工作内容：
1. 负责开拓市场，对接分销渠道，发掘新客户（含地州拓客）；
2. 负责个人意向客户约访，与案场销售有效对接，促进成交；
3. 负责商场社区展点、推介会、企业团购等营销拓展活动执行工作；
4. 有一定自媒体运营/直播，或者感兴趣者优先；
任职资格：
1、高中学历，35岁以下；
2、有销售经验，愿意做地产；
3、掌握房地产专业知识，有一定拓客能力。",高中,10,更新于 12月17日
天润站过年留守好岗位急急急招超市分拣防损,7000-8000元,南京浦口区,叮咚买菜,"每月12号发上月工资
工作内容：
1、负责店内的物品陈列，比如水果蔬菜日用的摆放陈列，负责叮咚买菜门店的定期巡场，记录并反馈陈列实施的效果。负责产品的现场打包：海带、山药、冬瓜等；
2、负责保持分拣陈列区、打包区卫生的干净整洁以及整体站内卫生；
3、货品的及时补充及摆放陈列；
4、分拣过程中注意事项的严格把控以及整体分拣时长的严格把控；
5、负责店铺日常陈列维护和调整，配合新产品上市和店铺陈列，商铺上架陈列；
福利待遇：
1、提供工龄津贴、为员工免费缴纳商业保险。
2、叮咚为直营站点，站长全部从一线岗晋升上来，发展空间大。
招聘要求：
1、18-35周岁，能吃苦耐劳。
2、有良好的服务意识，服从管理，无征信问题。
3、需要办理健康证
各区域人员需求量不一致，具体的面试时间及岗位招聘详情可以咨询相关招聘专员。",学历不限,1,更新于 12月30日
盐步品牌门店急聘店员!!（员工股份制+包住宿+就近分配+高提成+新手有人带）,5000-8000元,佛山南海区,广州羊奶世家科技有限公司,"职责：
1、接待顾客的咨询，了解顾客的需求并达成销售；
2、负责做好货品销售记录、盘点、账目核对等工作，按规定完成门店销售统计工作；
3、完成商品的来货验收、上架陈列摆放、补货、退货、等日常营业工作；
4、做好所负责区域的卫生清洁工作；
5、能快速店内产品，完成上级领导交办的其他任务。
任职：
1、五官端正、身体健康、有责任心、活泼开朗、热爱行业！
2、具有较强的团队合作精神，有上进心，年龄18-55岁。
待遇：底薪+提成+社保+包住，综合工资5000—8000元(主要销售提成，月入过万都有很多）员工股份制。包住。优秀有能力者可晋升店长（每个月都有十几个名额）！（全国5000家门店）
我猜你想知道的：
一个门店（团队）标准五位员工，一个店长，一个副店长，三位营销导购。
做到店长就有门店股份了，就是每个月利润50%给公司总部，剩下50%给店长做店铺运营，发工资各方面。店长离职门店股份也会收回给公司
一天上班八小时（早上八点到十二点早上工作时间，十二点到两点半午休时间，两点半到六点半下午工作时间）
底薪加个人提成加团队分红。我们三百多位店员数据是，做满三个月的平均都有6500元月薪左右的月薪，满一年在8000到11000月薪这个范围了。我们晋升制度是（导购—副店长、店长—区域经理—大区经理）（每个月员工大会晋升十几位）
想了解更多请投递简历
职位福利：绩效奖金、年终分红、包住、不加班、加班补助
职位亮点：底薪加个人提成加团队分红........",学历不限,5,更新于 12月4日
采购工程师,7000-9000元,青岛胶州市,软控股份,"【岗位职责】
1、负责开发新供应商和维护老供应商关系；
2、参与供应商的审厂、考核，确保每个供应商都符合公司的要求；
3、参与采购物料价格的谈判，货比三家，做到物美价廉；
4、按照公司规定的采购流程进行采购操作；
5、采购产品交货期的跟踪及控制；
6、进行相关市场行情的调查；
7、与供应商有关交期、交量等方面沟通协调；
8、监控市场变化，采取必要的采购技巧降低采购成本；
9、定期进行市场调研，开拓渠道，进行供应商评估；
10、协助财务做好对帐工作；
11、完成上级交办的其他工作。
【任职要求】
1、具有相关汽车及零部件供应商采购渠道者优先；
2、熟悉相关零部件工艺工程及成本构成者优先；
3、有敏锐的市场分析及洞察能力；
4、具备良好的沟通和谈判能力；
5、熟练使用Word, excel等办公软件，电脑操作熟练；
6、工作细致认真，责任心强，思维敏捷；
7、年龄要求： 28-35
8、驾照要求：C1
9、统招本科及以上学历",本科,1,更新于 12月5日
系统实施工程师,5000-8000元,沈阳新民市,惠州亿纬锂能股份有限公司,"遣制合同岗位，接受0经验IT类专业统招本科优秀毕业生，需要去湖北荆门市学习2个月，不接受者请勿投递。
工作内容： 1） 根据业务部门的需求对MES、FMS系统功能进行升级改造,能独立完成包括需求调研、业务分析、方案设计和开发工作 2） 熟练掌握 oracle、DB2、 Sybase、 SQL Server等大型数据库中的一种，了解数据库原理并能完成常规操作 3） 熟识防火墙，路由器，交换机运行机制配置，理解TCP/IP协议,及路由、交互的基本原理； 4） 良好的PPT技术文案制作和展示能力和较强的数据统计和分析能力。
任职要求： 1）有MES或FMS软件开发、实施、运维工作经验者，有项目实施经验者优先考虑 2）有新能源行业信息部门或MES/FMS实施行业从业经历者，优先考虑 3）熟悉生产过程管理、生产工艺管理、质量管理、物料管理、仓储管理等相关生产业务，经历过至少一个完整的MES系统实施或运维历程 4） 熟悉制造业信息化技术架构，对制造业的信息化有深刻理解，了解行业趋势 5） 熟识IT基础构架，了解云存储，包括但不限于SaaS模式,云计算等",本科,1,更新于 12月30日
房产经纪人/置业顾问/电话销售/网络销售,5000-10000元,北京朝阳区,北京我爱我家房地产经纪有限公司,"第一类：新入职的无经验的优秀新人（统招大专以上学历、沟通表达流畅、领悟能力强、形象气质佳），在实习期前3个月，无责任底薪是6000-8000元；转正后，责任底薪2000-6600元，提拥30%-75%；

第二类：有同行业工作经验的经纪人，经纪人（Z/M1-Z/M4）由区域总监和招聘部联合面试后确定职级，高级经纪人（Z/M/S5以上）由公司管委会面试后确定职级；复职的经纪人根据累计业绩来确定职级。


【福利保障】：第一类：实习生，由公司购买商业保险（待毕业改签正式合同后适用于第二类）

第二类：正式入职的员工（不区分职级），正常缴纳五险一金。假期：享受带薪年假，婚假、产假、有薪病假等特殊假期，帮助员工规划个人生活，达到工作与生活的有效平衡。

4、【职业发展通道】：

公司有完备的培训体系，所有中、高层管理人员均由基层培养出来的；无论您的家庭背景、无论您的学历、无论您来自哪里，只要有梦想，只要您凭自己努力奋斗，在北京我爱我家就一定可以实现。

5、【其他福利】：①内部员工租房、买房、租住相寓房屋，服务费享受员工折扣价；

②内部员工享有优惠的学历进修政策；

③员工每满一年均享有司龄礼物；

④员工司龄满一年即可每年享有免费的职工体检；

⑤优秀员工有机会享有免费出国游；

⑥爱家基金是由公司倡导并专项拨款，员工自愿加入的互助基金会，当员工及其家属遭遇重大疾病和事故时，希望爱家基金的存在，会让您感受到强大的支撑，全力以赴追逐自己的梦想。
职位福利：五险一金、高温补贴、员工旅游、每年多次调薪、节日福利、定期体检",学历不限,8,更新于 12月4日
KA经理（曲靖）,6000-10000元,曲靖麒麟区,仙琚制药,"职责一：负责昆明、玉溪、文山、曲靖的中小连锁门店销售，达成公司下达的指标。
1：根据下达的销售任务，制定合理的月、周工作计划，并按计划严格实施，在指定时间内完成销售指标；
2：负责管辖片区的总部活动落实、铺货及动销、片区活动策划及落实；
3：负责管辖片区店员产品培训、重点门店的驻店带教、重点门店的驻店促销等。
职责二：连锁客户开发与客情维护。
1：负责管辖连锁的协议洽谈、签订、跟踪执行情况；
2：建立与所属连锁总部、分部及片区经理等相关人员的客情关系，保持与连锁关键人员的拜访频率，并理清各连锁总部内部管理规定。
职责三：市场调查与信息反馈。
1：负责维护产品价格体系及市场的稳定、市场信息反馈；
2：负责管辖连锁档案建立及各级关键客户的个人档案收集并建立；
3：了解竞争产品的人员、促销政策和销售情况。
任职条件：
1、20-35周岁，本科或以上学历，医药学相关专业可放宽至大专；
2、有良好的人际关系建立与维护、组织协调与沟通能力；
3、拥有良好的学习能力，能够快速掌握新知识和技能；
4、熟练电脑Word、Excel、PPT等办公软件的使用。
5、诚信可靠，勤劳踏实，积极向上的优秀品质！
注：有连锁纯销或培训经验，有相关客情基础优先考虑。
薪酬结构：岗位工资+绩效奖金+福利补贴。
培训：公司有健全的培训体系，根据员工的培训发展建议制定培训实施计划。
社会保险：六险：养老、医疗、失业、工伤、生育、意外；两金：住房公积金、企业年金。",本科,1,更新于 12月3日
残疾人岗位,5000-10000元,成都郫都区,阳光财产保险股份有限公司6,"名额有限，招满即至！！！主动投递优先录用！！！

工作时间：早9晚6：30 周末大小休 法定节假日都休息 发薪日：每个月固定10号 如遇到节假日提前发放
岗位职责：
1) 公司提供稳定且优质的客户资源，通过电脑智能外呼系统联系客户，进行车险续期业务的开展；
2) 5A级室内办公环境，全天空调，环境优美，无需外出，无需资源；
3) 产品是车险！属于刚需！公司提供稳定且优质资源！销售难度低！收入稳定！
任职要求：
1) 20周岁-39周岁，身体健康，无犯罪记录，征信良好；
2) 具有一定沟通表达能力，普通话标准，音质佳，亲和力较好；
3) 勤奋踏实，热爱销售工作，有销售、客服相关工作经验者优先；
4) 反应灵敏，逻辑思维表达能力较强，同时具备一定抗压能力，稳定性强；
薪资：
1) 岗前培训期新人礼享受50元/天，总计培训6天（入职前自愿参加培训）；
2) 在岗任职期：职级底薪+职级津贴+高业绩提奖，转正后，依业绩达成月均6000元-15000元，上不封顶。
福利：
1)签订公司正式劳动合同（无外包、无派遣）；
2)享有社保及公积金（五险一金）；
3)无需外出拓展客户，无需客户资源；
4)正常行政班（无夜班无倒班）；
5)完善的培训体系，依工作表现，每三个月就有一次升职加薪；
6)多劳多得，丰厚的年终奖金、绩效奖金；
7)定期举办丰富的团建活动；
8)全年七个法定节假日，29天带薪假期（年假、婚假、病假、产假）；
9)七大节日福利（元旦、春节、元宵、中秋、端午、三八节、儿童节）、生日福利；
10) 鼓励勤奋工作，符合条件时，长期服务奖最高6000元/年，父母赡养津贴最高6000元/年，星光奖最高9600元/年。

没有经验没关系！！！我们没有试用期的！ 面试通过后会有为期6个工作日的岗前培训 培训结业后签订阳光保险劳动合同 公司是中国500强企业 我们有完整的培训体系和专业的培训教练 并且有团队主管带！！！",中专/中技,7,更新于 12月22日
上市公司规模7k+月薪过万+入职缴纳社保,6000-8000元,南昌红谷滩区,深圳乐信软件技术有限公司,"工作内容
• 纯线上唠嗑式办公！只做逾期提醒沟通，不用跑外勤、不面基，舒服摸鱼不社恐；
• 目标超直白：搞定回款拿提成，多劳多得无上限，搞钱路径清清楚楚。
薪资待遇（新人躺赚不慌）
• 首月到手保底6000元+高额提成，次月还有5000元保护；
• 入职前两月直接锁死1.1万保底，新手期也能实现工资自由！
工作时间&福利（诚意拉满）
• 工时超友好：早9晚6:30，含70分钟摸鱼+30分钟干饭时间，拒绝无效内卷；
• 福利超贴心：五险一金入职就交，免费管晚餐，加班有足额加班费，省钱又安心；
• 假期超够用：月休6-8天，休息日还补加班费，躺着也能赚外快！",中专/中技,5,更新于 12月2日
终端业务员（非厂家人员）-【丰县批发渠道】,5000-10000元,徐州丰县,洽洽食品股份有限公司,"一、岗位要求：
1、性别:不限;
2、学历:高中及以上，年龄40岁内；
3、工作经验:会驾驶常见送货交通工具(如电动三轮车、面包车等)、有食品快消品销售经验者优先;
4、必备能力:良好的与人沟通能力、执行力较强、能吃苦耐劳:
5、熟练使用智能手机及B2B、O2O等App软件;
6、日访门店15-20家及以上，月访门店250-300家及以上。
二、岗位职责：
1、收集市场网点信息、维护区域市场内的各类终端网点;
2、建立良好的客情关系，及时了解终端客户的需求;
3、洽洽产品主力品类的推广及新品的铺市工作;
4、根据陈列标准图上架、陈列、摆放产品，整理货架;
5、根据自身市场情况制定车销路线形成规律拜访，处理终端市场需求;
6、根据公司要求执行终端客户促销活动，负责治治企业形象的维护及品牌宣传工作；
7、与公司共同成长，成为一名合格的渠道事业小老板。
说明：此岗位为非厂家业务，请知悉后投递！",高中,1,更新于 12月2日
信贷客服专员,5000-10000元,德州德城区,平安融易(黑龙江)信息服务有限公司德州分公司,"(平安大厂正编非保险)
要求:
年龄23-38周岁，学历大专及以上
学信网可以查到
服务有贷款需求的客户，平安担保，银行放款。
有房地产、信用卡销售经验优先，新手也欢迎！
薪资：底薪➕提奖➕职级津贴➕每单实物现金奖励➕年终奖
保障：六险2金（含补充商业险、企业年金 ➕节日福利(3000元+)➕降温费➕带薪年假➕激励旅游",大专,1,更新于 1月1日
基建预算,7000-10000元,烟台福山区,山东玲珑轮胎股份有限公司,"岗位内容：
1. 编制工程造价预算书及施工图预算；
2. 负责项目中的合同管理和成本控制；
3. 涉及工程造价咨询、评估和审计等相关工作。
任职要求：
1. 本科及以上学历，建筑/工程造价等相关专业背景，具备扎实的基础知识和技能；
2. 熟练掌握国家有关工程造价政策、法规和标准，熟悉各类工程造价软件操作；
3. 具备良好的沟通协调能力和团队合作精神，认真负责、细心严谨，具备较强的逻辑思维和分析能力。
4.英语四级以上，接受出差",本科,1,更新于 12月18日
育肥技术员,6000-8000元,黔东南镇远县,新希望六和,"岗位职责：
1. 负责规模化养殖场保育/育肥工段的生猪养殖工作；
2. 负责猪只日常饲喂、栋舍环境卫生、防疫及生物安全防控工作，保健及免疫；对育肥猪生长和健康情况进行观测记录，并按要求进行保健和免疫工作操作；
3. 猪只销售后，圈舍栏位冲洗消毒、刷栏直至栏位验收合格；
岗位要求：
1. 性别不限，30-55岁优先
2. 学历不限；有养猪经验者优先；无养猪经验，喜欢从事养殖业者，入职后有在职员工带教；
3. 有经济压力、家庭重担优先；追求长期且稳定的工作，频繁跳槽者勿扰；
4. 工作踏实耐心，能严格遵守猪场的规章制度和生物安全要求；
5. 身体健康，接受封闭性工作环境，规模化养殖场工作经验优先；
6. 每两月带薪休假8-10天。
岗位优势：
1.包吃包住，带薪休假（两个月带薪休假 8-10 天），带薪年假，免费工作服，免费生活用品提供，买五险
2.中年人优势：收入稳定，包吃包住，能存下钱，适合养家糊口，为子女攒钱，年收入8-10万
3.年轻人优势：环境单纯，有成长空间，无通勤成本，工资基本能存下来，年收入8-10万
4.夫妻工优势：稳定性极高，能互相照顾，提供夫妻房，夫妻工年薪合计可达 16-20万",学历不限,15,更新于 12月30日
测量员,6000-8000元,深圳光明区,深圳市大富方圆成型技术有限公司,"岗位职责：
- 负责对产品进行精确测量，确保尺寸和质量符合标准要求。
- 记录测量数据，及时反馈测量结果，对测量异常进行初步分析。
- 维护测量设备的正常运行，定期进行校准和保养。
- 参与测量方法和流程的持续改进。
岗位要求：
- 高中及以上学历，机械类或相关专业。
- 熟悉各种测量工具和仪器操作。
- 具备良好的数据分析能力和问题解决能力。
- 有责任心，工作细致，能适应快节奏的工作环境。",高中,3,更新于 12月1日
【通力】管培生（定期晋升+14薪）22届-25届优先,6000-8000元,厦门思明区,深圳南区人瑞人力资源服务有限公司,"学习与培训
1.参加公司安排的电梯技术理论课程（机械/电气原理、安全规范等）及实操培训。
2.学习电梯相关法规及行业标准。
3.考取电梯作业人员操作证（T1/T2）及其他必备资质。
现场实践与客户服务
1.在师傅指导下参与电梯日常维护、定期检查、保养润滑、等工作。
2.协助处理电梯故障诊断及紧急救援，记录问题并提交报告。
3.学习使用维保工具（万用表、钢丝绳张力仪等）及维保管理系统。
4.跟随团队与客户沟通，了解需求并协助提供解决方案。
5.学习维保合同执行流程，协助完成服务报告及客户签字确认。
安全与合规
1.严格执行安全操作规程，确保个人及团队作业安全。
2.参与公司安全及应急演练，熟悉困人应急演练预案。
任职要求：
1.工作年限：0-3年社会工作经验，（不考虑在校学生）机械工程、电气自动化、机电一体化等相关专业优先。22届-25届优先
2.学历要求：本科学历
3.沟通能力：具备良好的沟通能力及团队协作精神。
4.外语能力：英语四级 非硬性要求
5.技能要求：基础机械/电气知识，能看懂电路图或机械图纸为佳。 动手能力强，适应户外作业环境。 责任心强，注重细节，具备安全意识。
愿意长期在电梯行业发展。",本科,2,更新于 11月28日
海外工程销售-2026届土木工程、工程管理、工程造价专业,5000-9000元,佛山三水区,广东精工钢结构有限公司,"技能要求：
1、熟悉公司产品体系、钢结构专业技术体系；对公司使命、愿景、价值观能做细致阐述，熟悉公司概况。
2、了解客户需求，并针对性提出解决思路建议。
3、熟悉营销管理体系及营销阶段各项流程和规章制度，了解项目整体运作思路；
4、熟悉营销技巧和客户关系管理；能独立维护客户信息。
任职要求：
1、本科及以上学历，工程类相关专业，具备基础CAD识图能力；
2、适应高频出差，具备较强的市场开拓能力和客户关系维护能力；
岗位职责：
1、拓展区域内优质龙头企业市场，开拓发展大客户；
2、协助公司品牌推广：利用与设计院、业主方的沟通，收集与工程项目相关的各项技术标准和资料，对项目的结构形式、技术要求、工艺要求、采用材料等要求作全面的了解，适时推荐公司的相关产品；
3、负责区域内战略客户、大客户、目标客户、合作伙伴、总包单位、设计院、招标代理、管理公司、行业协会、政府专家、行业及地方龙头企业等客户的渠道开拓、维护和拜访工作；
4、调研、策划、执行区域内行情确定主要细分市场，结合细分市场行业上下游合作伙伴，行业协会等渠道开发与建设，并建档制定长期维护计划及执行；
5、组织、策划、执行个人所有跟踪项目跟踪引导、营销攻关、招标文件运作、投标、商务谈判、中标后流程工作的全过程执行及时汇报上级领导；
6、配合公司对责任中标项目营销二次创利工作；
7、完成上级领导交办的其他工作事项
其他要求：
1、此岗位入职后，需要在广东佛山学习培训3-6个月
2、广东佛山有宿舍、食堂，只需要带个人床上用品即可
3、主要工作区域为：广东佛山，会出差去海外，主要是东南亚、中东、北非区域
4、工资：底薪+提成+海外补贴，具体根据个人能力面谈
5、精通英语、阿拉伯语其中一门语言",本科,1,更新于 11月28日
车商客户经理,5000-10000元,南京鼓楼区,中国平安财产保险股份有限公司江苏分公司,"一、岗位职责：
1．负责所辖品牌网点新拓/集团网点关系维护，对所辖网点各项指标、业绩达成负责；

2．负责所辖网点同业信息收集、续保追踪、线上合作推动、合作伙伴痛点挖掘与协助解决、营销策划等；

3．协调处理合作伙伴销售、理赔过程中的简单问题；

4．上级安排的其他相关工作。

二、岗位要求：

1. 本科及以上学历（双证齐全）；
2. 有销售或管理经验者优先；
3. 具有较强的业务公关能力、沟通协调能力；

三、福利待遇：
1.六险两金+年终奖金（公积金12%）
2.团建激励+下午茶+员工生日会+定期工会活动+各类俱乐部等
3.双休+年假+生日假、节日假等",本科,1,更新于 12月1日
中西面点师（大工）,7000-10000元,洛阳洛宁县,洛宁华泰矿业开发有限公司,"岗位职责：
1. 负责制作各类中式和西式面点，包括但不限于中式包子、馒头、饺子、花卷、烧卖，以及西式吐司、法式面包、披萨、甜点等。
2. 根据菜单需求，合理安排各类面点的制作，确保每一款面点的口味、外观与品质达到标准。
3. 严格执行食品安全和卫生标准，保证食材的新鲜、卫生和质量。
4. 不断探索创新，结合传统技艺与现代烘焙技术，推出新的面点品种。
5. 参与厨房的日常管理工作，包括设备维护、食材采购等，保持厨房的清洁与高效运转。
6. 定期更新面点菜单，提升员工用餐体验。
任职要求：
1. 年龄： 25-45岁，身体健康。
2. 经验要求：至少10年以上的面点制作经验，精通中式面点及西式烘焙技巧，能够独立完成各类面点的制作，具备创新能力。
3. 技术要求：熟悉面点的制作工艺，特别是面团发酵、面包烘焙、馅料调制等工艺流程，能够独立研发新款面点。
4. 专业能力：具备相关烹饪或烘焙专业资格证书，或曾接受过系统的面点培训，具有扎实的面点制作基础。
5. 创意与融合：能够根据市场需求或季节变化，创新中西合璧的特色面点，提升餐品的多样性和吸引力。
6. 团队精神与责任感：有良好的沟通能力与团队协作精神，能够承受工作压力，并能保证产品的质量稳定性。",学历不限,1,更新于 12月31日
门店导购（安徽淮北-京东城旗店）,5000-10000元,淮北相山区,厦门瑞尔特卫浴科技股份有限公司,"门店导购招聘启事（安徽淮北-京东城旗店）
所属品牌：瑞尔特卫浴
________________________________________
一、岗位基本信息
岗位名称：高端品牌门店导购（卫浴洁具）
角色定位：品牌形象大使 | 高端生活顾问 | 销售精英
工作地点：安徽省淮北市相山区一马路华松国际京东电器二楼 R&T瑞尔特(京东电器淮北城旗)
_______________________________________________
二、我们需要这样的你
1.学历要求：
--高中或中专及以上学历
2.经验要求：
--1年以上高端品牌门店销售经验（如：珠宝、奢侈品、品牌服装、高端家电、智能家居等）
--无行业经验但具备优秀销售潜力者亦可培养
--大专及以上毕业生，有意向往销售精英方向发展者亦可培养
3.核心能力：
--高情商服务：擅长洞察客户需求，提供个性化解决方案
--品牌服务意识：理解高端消费心理，注重细节与体验感
--卓越沟通：具备商务礼仪素养，能快速建立客户信任
--抗压韧性：能适应高端销售场景中的业绩压力与客户高期待
4.技能要求：
--熟练使用办公软件及门店管理系统（经验不限可培训）
5.优先条件：
--有卫浴/建材行业销售经验或奢侈品/高客单价商品销售经验者优先
--接受区域内工作调动者优先
________________________________________
三、你的工作舞台
1.品牌代言：
--代表国际卫浴品牌形象，传递高端生活方式理念
--维护店面视觉陈列标准，打造精品化购物体验
2.价值销售：
--深度讲解产品设计理念与核心价值（非传统推销）
--管理客户生命周期，提升复购与转介绍率
3.业绩突破：
--完成个人销售目标，参与定制化营销活动策划
________________________________________
四、职业发展通道
1-晋升路径：导购 → 店长 → 片区店长 → 区域店长 → 大区店长
2.特别激励：表现优异者可跨级晋升
________________________________________
五、福利待遇
1.薪资：4000元/月基本工资 +业绩提成
2.福利包：
--五险一金
--专业培训 + 职业发展指导
--法定假期（婚假/产假/育儿假……）
--双补贴：500元/月餐补 + 500元/月交通补
--法定节假日加班3倍加班费
________________________________________
六、上班安排
1.班制：每周工作6天
2.备注：实际上班时间/班制/休息日根据京东商场整体运营排班确定
时段 早班 晚班
周一至五 9:00-16:30 13:30-21:00
周六周天 9:00-17:00 13:00-21:30
________________________________________
七、应聘指引
1.简历投递：简历经筛选后，将安排腾讯视频面试
2.面试方式：微信小程序搜索“腾讯会议”→ 输入会议号加入
3.咨询联系：吴女士（瑞尔特卫浴）",高中,1,更新于 12月24日
软件测试（双休-13薪-路由器和通信测试）,面议,武汉江夏区,中软国际,"有设备软件测试经验，如有网关产品、wifi、机顶盒、路由器、游戏加速、交换机等嵌入式产品研发测试经验，或者有烽火、中兴等通信行业公司其他产品测试经验尤佳。
1、了解基本的网络分层模型，对常见的网络通信协议：TCP/IP、PPPOE/DHCP/BGP/ARP/IGMP等有基础了解。
2、对接入网、传送网、核心网、骨干路由器等网络设备其中之一有实操经验。
3、了解常见的测试工具，wifi的测试工具，抓包工具wireshark，网络分析仪Testcenter/Ixia
4、具备测试理论基础，了解黑白灰盒测试的区别和联系，能运用常见的测试理论&方法指导测试执行。
5、坚守产品质量底线：了解研发产品测试流程，胆大心细，能站在客户角度对内验收。
6、工作积极主动，愿意长期奋斗。
7、对Python/Shell/Ruby等常见的脚本语言有实操经验。",本科,5,更新于 11月27日
煤炭采样员,6000-10000元,南京栖霞区,力鸿检验集团有限公司,"岗位要求：
1、服从领导工作指令，根据业务情况，按照国标及作业指导书，规范操作，准确高效完成采制样工作。
2、负责规范使用和管理采制样工具、用品、设备，保养维护公用采制样设备；
3、依据客户委托承担煤炭样品的采样和制样工作。
4、本职位为一线工作，环境较艰苦。但是一线岗位晋升较快，发展前景大。
任职资格：
1、大专以上优先，专业不限，有采制样现场经验者优先
2、此岗专位为公司采样部门，公司提供带薪培训，晋升快，发展前景好。
3、为人正直、工作积极、吃苦耐劳，有高度的责任心和职业操守。
4、年龄范围：20--45岁；
5、接受码头、露天、粉尘工作环境；能接受出差及倒班、加班；
6、有驾驶证C1以上优先。
五险一金，餐补，提供住宿，加班补贴、节假日福利等等",高中,2,更新于 11月27日
线下推广员/13薪/六险一金/各种补贴/时间自由,4000-8000元·13薪,武汉东西湖区,重庆百融睿达科技有限公司,"岗位详情:
1、负责线下推广app，拉新并维护复购;
2、摆点，散推，扫楼扫店，地面推广形式不限:
之前做过地推或者销售优先，会骑电瓶车，能接受流动性
住宿补贴＋全勤奖＋交补＋高温补贴＋提成＋奖金",高中,10,更新于 12月11日
方山站过年留守好岗位急急急招超市分拣防损,7000-8000元,南京江宁区,叮咚买菜,"每月12号发上月工资
工作内容：
1、负责店内的物品陈列，比如水果蔬菜日用的摆放陈列，负责叮咚买菜门店的定期巡场，记录并反馈陈列实施的效果。负责产品的现场打包：海带、山药、冬瓜等；
2、负责保持分拣陈列区、打包区卫生的干净整洁以及整体站内卫生；
3、货品的及时补充及摆放陈列；
4、分拣过程中注意事项的严格把控以及整体分拣时长的严格把控；
5、负责店铺日常陈列维护和调整，配合新产品上市和店铺陈列，商铺上架陈列；
福利待遇：
1、提供工龄津贴、为员工免费缴纳商业保险。
2、叮咚为直营站点，站长全部从一线岗晋升上来，发展空间大。
招聘要求：
1、18-35周岁，能吃苦耐劳。
2、有良好的服务意识，服从管理，无征信问题。
3、需要办理健康证
各区域人员需求量不一致，具体的面试时间及岗位招聘详情可以咨询相关招聘专员。",学历不限,1,更新于 1月1日
娱乐主播（可兼职可居家）,6000-12000元,昆明西山区,抚顺领航者文化传媒有限公司,"职位描述：负责与我司合作的各大平台在直播间与粉丝互动和展示才艺，直播方式以视频唱歌跳舞聊天互动为主，包括优质的电台主持等形式主持。
职位要求：
1.五官端正，形象好气质佳，阳光自信，上镜效果好，男女不限，才艺不限。
2.性格开朗，有才艺更佳，良好的需要表达及沟通能力。
3.有较强的互动能力，场控能力，能营造浓厚的现场互动氛围。
4.工作时间自由，工作场地可在家直播。
5.无需任何费用，公司负责免费培训，运营一对一指导。
6.只要你有一个主播梦、明星梦。我们会倾尽全力打造你。
7.做全职主播我司为你量身打造属于你的原创歌曲，包括发行。全额奖励。
8.求职主播一律在家开播。无论在任何城市，无需到公司进行直播与面试；",学历不限,10,更新于 12月19日
平安优+计划,面议,大同平城区,中国平安人寿保险股份有限公司山西分公司1,"1、依托集团“综合金融＋医疗健康的战略布局，致力于“金融顾问”“家庭医生”“养老管家〞服务的价值传递者，为客户提供金融、健康，养老一站式解决方案
2、组建代理人团队，引领、培养、管理团队成员
3、推动并拓展个人及团队业务，达成销售目标",学历不限,1,更新于 12月31日
【火热招聘中】银行现金分期,7000-14000元,合肥包河区,合肥泰盈信息科技有限公司,"欢迎有志之士
爱拼才会赢
银行备用金项目，等您来战
有经验者，聘才等您
小白无需担心，一对一带薪培训，有新人保护
1、固定班次，时间稳定，不加班！缴纳五险一金 ，提供住宿
2、新人最长3个月保护薪资，成长越快，薪资越高
3、目前职场人均薪资4-6K，TOP2万+
4、行方直接派发意向客户数据，无需寻找客户资源",高中,10,更新于 12月29日
售后客户经理,5000-10000元,张家界永定区,中国太平洋人寿保险股份有限公司湖南分公司,"本岗位依托太平洋寿险千万级存量客户资源，专注专业服务即可实现高收入，且可参与健康、财税、养老、传承、个税五大规划师学习认证。
岗位职责：
1. 维护客户关系，提供优质的客户服务，为客户提供续期提醒、保单保全、理赔指导等全周期服务
2. 结合客户需求设计个性化保险方案
3.参与团队建设，协助搭建区域服务团队架构
4.具备较强的团队协作精神，配合团队完成相关工作
岗位要求：
1. 24 - 45周岁，大专及以上学历，优秀者可放宽
2. 有事业心，具备良好的沟通协调能力和团队协作精神
3. 有保险、银行、地产等行业从业经验者优先考虑
岗位福利与成长：
1. 收入构成：岗位双薪+绩效奖金+新人成长津贴等
2. 专属培养：定期培训，提供岗前及入司后的阶段培训，助力成长
3. 福利加持：周末双休、商业保险保障
4. 晋升透明：根据个人意向与发展情况，可向团队管理岗进阶",大专,10,更新于 11月24日
2026届管培生,6000-9000元,北京朝阳区,远洋亿家物业服务股份有限公司,"岗位职责：
根据公司定制化培养计划，在物业项目及职能部门开展系统性轮岗，深度参与品质管理与体系建设、客户研究、品质落地和升级等工作。
招聘要求：
1、愿意投身物业服务行业，有志成为企业高级管理人才；
2、2026届本科应届生或研究生应届生，专业不限，物业管理、酒店管理、财务管理、工程类等相关专业优先；
3、良好的沟通表达、勤奋踏实、乐观坚韧、自驱好学；
4、学生干部、有相关行业或企业实习经验者优先。",本科,5,更新于 11月24日
北碚.无试用期不外出的销售顾问（提供资源，接受小白）,5000-10000元,重庆北碚区,阳光财产保险股份有限公司6,"工作时间：早9晚6：30 周末大小休 法定节假日照常带薪休假
发薪日：每个月固定10号 如遇到节假日提前发放
岗位职责：
1) 公司提供稳定且优质的客户资源，通过电脑智能外呼系统联系客户，进行车险续期业务的开展；
2) 5A级室内办公环境，全天空调，环境优美，无需外出，无需资源；
3) 产品是车险！属于刚需！公司提供稳定且优质资源！销售难度低！收入稳定！
任职要求：
1) 18周岁-40周岁；
2) 具有一定沟通表达能力，会讲普通话，有亲和力；
3) 勤奋踏实，能长期做；
4) 反应灵敏，具有一定表达能力，同时具备一定抗压能力；
5) 身体健康。
薪资：
1) 岗前培训期：面试通过后参加6个工作日的培训，享受新人培训礼50元/天；
2) 在岗任职期：职级底薪+职级津贴+高业绩提奖，月均6000元-15000元，上不封顶。
福利：
1)签订集团正式劳动合同（无外包、无派遣）；
2)享有社保和公积金（五险一金）；
3)无需外出自己找资源、每个人资源都不会与别人重复，定向一对一跟进；
4)5A级办公环境，室内办公（环境优美）；
5)正常行政班（无夜班无倒班、不外派出差）；
6)完善的培训体系，每三个月就有一次升职加薪；
7)丰厚的年终奖金、绩效奖金；
8)定期举办丰富的团建活动；
9)全年七个法定节假日，29天带薪假期（年假、婚假、病假、产假）；
10)七大节日福利（元旦、春节、元宵、中秋、端午、三八节、儿童节）、生日福利；
11)长期服务奖最高6000元/年，父母赡养津贴最高6000元/年，星光奖最高9600元/年；
没有经验没关系！！！我们没有试用期的！ 面试通过后会有为期6个工作日的带薪培训 培训结业后签订阳光保险集团劳动合同 公司是中国500强企业 我们有完整的培训体系和专业的培训教练 并且有团队主管带！！！",学历不限,5,更新于 12月29日
土建施工管理员,6000-8000元·13薪,襄阳南漳县,龙佰集团股份有限公司,"1、负责项目施工过程中施工进度、施工质量、施工安全、成本控制、物资材料、精益管理等各方面的工作。
2、编制自己所管辖的分项目施工进度计划、材料计划，参与计划审核，确保计划的准确性和合理性。
3、在施工过程中检查施工质量，施工结束后组织相关人员进行施工质量的验收工作；负责项目竣工和试用报告编写。
4、在工程项目施工过程中，控制材料领用、使用、回收；避免遗失、浪费；隐蔽工程及时验收并严格验收数量和质量，保存好证据。
5、负责监督检查安全施工过程，纠正不规范施工及行为，提高安全施工技能，增强事故预防和应急处理能力。
7、编制项目施工计划，组织施工协调；负责项目施工的安全、质量、进度管控，负责物资领用单、派工单、费用签证、施工变更方案、竣工验收资料的办理和初审工作。",本科,1,更新于 1月2日
IT储备工程师(J10505),6000-12000元·13薪,淮安清江浦区,淮安澳洋顺昌光电技术有限公司,"岗位职责:
1、基于业务部门需求，负责公司内部系统的设计及二次开发；
2、收集并梳理业务部门的产品需求，进行可行性分析和概要设计，随时提出产品需求或改进意见；
3、规范管理各系统间的接口标准，根据新增业务需求协调软件厂商进行相应调整；
任职要求:
1、23~25届一类本科以上学历，研究生面议，计算机等相关专业；
2、1年及以上IT工作经验；
3、熟练掌握WinForm程序开发，或ASP.NET Web编程；
4、熟悉C#中网络通讯、多线程、数据库、XML等相关开发技术；
5、熟悉SQL编写，熟悉存储过程编写，熟练使用MS SQL Server；
6、编码规范、高效，有较好的文档编写能力；
7、工作责任心强，做事积极主动，思路清晰，有良好的沟通和团队协作精神。",本科,1,更新于 1月3日
燃气公司回访专员,7000-12000元,武汉江汉区,中国燃气,"任职要求：
(1)学历：中专、高中及以上学历；
(2)经验：1年以上销售经验，有电销、保险等零售行业经验者优先；
(3)技能：
具备良好的沟通表达能力、抗压能力，能主动挖掘客户需求；
熟悉Excel基础操作；
普通话标准，无明显口音。
(4)其他：年龄20-45周岁，可接受弹性工作制（单休）（周末轮班）。",高中,1,更新于 12月11日
核审专员（六险一金/无销售性质）,5000-6000元,淮南田家庵区,招商银行淮南分行,"【工作模式】
银行提供客户名单，我们上门收集相关资料并提交至银行系统。再次强调都是已经办理的客户，无需进行营销。
【岗位要求】
1、32岁以内，大专学历以上，学信网可查
2、专业不限，经验不限，有服务行业工作经验可优先(零售、餐饮、快销、店面销售)
3、遵纪守法，诚实守信，征信良好。
4、有明确的个人目标，较强的责任感以及良好的亲和力。
【薪资标准】
无责底薪+核审提成（无销售成分）综合薪资4~6千
【保险保障】
入职即当月购买五险一金(养老保险、医疗保险、失业保险、工伤保险、生育保险及住房公积金)+高额商业保险
【岗位福利】
节假日、生日慰问、员工周边免费旅游；带薪培训+完整师徒一对一带教体系+带薪年假；免费工作行服；优秀员工表彰，业务精英奖，优秀员工奖，人才推荐奖等等，福利多多，生日礼品，下午茶。司龄礼品，定期旅游或者拓展。
对外社招的是跟招行全资子公司签订合同，派遣到招商银行进行工作。",大专,2,更新于 12月30日
电话催收专员,7000-14000元,重庆两江新区,平安融易(黑龙江)信息服务有限公司重庆第九分公司,"岗位职责
1.负责短期0-29天逾期账户电话沟通，督促还款
2.维持贷后客户关系，让客户养成良好还款习惯
3.客户联系方式查找与相关还款方案制定
4.能吃苦耐劳优先
福利待遇
1，公积金缴费比例高达12%，助你轻松安家!重庆最高基数六险两金。
2，工会活动，生日会，团队建设、兴趣拓展应有尽有!3，夏日清凉饮料、节假日礼金、生日惊喜……超多福利等你解锁!
⚠️该岗位为平安正式编制，入职签订平安正式劳动合同!
员工福利[庆祝][庆祝][庆祝]
降温采暖补贴 生日福利 节日福利 高温补贴 团建聚餐 零食下午茶员工旅游 带薪年假 企业年金",大专,1,更新于 11月19日
工艺研发员-横店 (MJ000091),7000-13000元·13薪,金华东阳市,普洛药业,"岗位描述：
（1）根据组长安排，完成文献的查阅和图谱解析，依据文献完成化合物合成路线的初步设计，并仔细实施。
（2）分析实验中出现的问题，对出现的问题给予及时的解决。
（3）项目相关实验数据收集、整理及分析。
（4）协助组长完成项目转移工作。
（5）项目生产过程与车间技术员进行技术沟通，配合其他部门完成其他相关的工作。
（6）执行所属部门和实验室的安全环保工作。
（7）完成领导交给的其他任务。
岗位要求：
（1）具有良好的团队合作精神与沟通能力。
（2）熟练掌握文献检索手段，能顺利阅读英文资料。
（3）本科及以上学历，化学或化工相关专业毕业；有相关化学合成相关工作经验，或有一定的中试生产经验。
（4）能够接受出差。",学历不限,176,更新于 12月24日
养猪技术员（配怀、产房、保育育肥）,5000-8000元,潍坊诸城市,新希望六和,"育肥技术员：7-8k，4名，学历不限，45岁以下，一年以上育肥经验；
配怀/产房技术员：5-8k，4名，学历不限，45岁以下，一年以上母猪经验。",学历不限,5,更新于 12月17日
销售员,6000-12000元,乌鲁木齐天山区,冰山冷热科技股份有限公司,"岗位职责：
1.客户信息收集、报备；策划制定项目方案与报价；
2.合同签订与合同评审；协调收货与货款回收；
3.完成公司下达年度订货指标。
任职要求：
1.本科学历，制冷与低温工程、热能与动力工程、机械设计制造及其自动化、过程装备控制与工程、暖通空调、建筑环境与设备工程等相关专业；
2.有事业心、责任心；
3.沟通协调能力强，适应出差；
薪资面议（工资+绩效奖金）",本科,3,更新于 11月18日
海底捞火锅高薪急招配菜打荷长期工、钟点工,4000-8000元,鞍山铁东区,杭州捞派餐饮有限公司第三十九分公司,"一、【招聘岗位】
门迎、传菜员、后厨、保洁、洗碗工、水台等。
二、【职位要求】
1.学历不限；
2.身体状况符合国家餐饮行业要求；
3.无不良记录和嗜好。
三、【薪资标准】
海底捞全勤实行计件工资制，多劳多得，入职后门店根据岗位评定初、中、高级员工，包食宿（企业宣讲期间除外）
四、【正式工福利待遇】
1.正式员工入职经店经理审批同意后，报销家庭地址到工作地的硬座火车票及汽车票；工作满半年公司予以报销办理健康证费用；
2.正式员工可享受带薪年休假；
3.符合条件的员工（夫妻双职工、店经理等）可享有公司提供的住房补贴；
4.凡在公司工作满三年的员工其子女可享受 2000-5000 元/年不等的教育补贴；
5.大堂经理级别员工父母可享受 400 元/月的父母补贴；店经理级别父母可享受 1600 元/月的父母补贴；
6.员工本人和直系亲属在门店用餐享受5-8折优惠（高峰期、法定节假日等除外）；
7.上述福利待遇的享受条件和适用范围以公司福利制度为准。
五、【发展途径】（经竞聘考核后可入职）
途径一：服务员—服务/门迎担当--大堂/后堂/值班经理--店经理；
途径二：职能部门（人力资源部、信息科技部、会员运营部、公共事务部等）。
六、【注意事项】
面试需提供个人身份证原件或身份证明材料。",学历不限,5,更新于 12月27日
生产储备干部,7000-10000元,潍坊寒亭区,山东潍坊润丰化工股份有限公司,"岗位职责：
1. 负责农化行业生产车间的管理和运营工作
2. 参与生产计划的制定和执行，确保生产目标的达成
3. 负责生产过程的优化，提高生产效率和产品质量
4. 监督生产设备的运行状况，确保设备安全高效运行
岗位要求：
1. 化工、设备、工业工程、农学植保等相关专业毕业
2. 英语四级，具备一定的英语阅读和沟通能力
3. 有良好的团队合作精神和沟通协调能力
4. 对农化行业有一定了解，有相关工作经验者优先",本科,48,更新于 11月16日
京东方直招生产储备干部,5000-8000元,合肥瑶海区,京东方科技集团股份有限公司,"储备干部：生产组长、生产班长、
工作内容：车间基层管理层人员
发展方向：组长--班长；技术通道：技术工人岗--设备助理工程师--工程师
【工作内容】：
前期的话我们有实操和培训，实操需要在产线上进行轮岗。并且公司会安排生产培训，生产安全培训。后期转正。
前期主要工作内容为：产品质检，产品投料。负责日常生产管理。
要求：
1：能够接受工厂工作环境和工作模式
2：吃苦耐劳，岗位属于车间内部岗位
3：管理生产线需要机灵，稳重，灵活
4：愿意学习，接受工厂安排的培训，车间线上的学习轮岗等
工资情况：
1：前期工资5000-6500，每年有涨薪
【餐食自由】：津贴：入职即享700-900元/月餐补，厂区食堂、超市、奶茶店通用，吃得饱更吃得好。
【安居乐业保障】：
面试当天免费安排临时住宿，正式宿舍4人间，环境优。
合肥市内提供免费通勤班车。
工作日加班1.5倍工资，法定节假日3倍工资，夜班额外补助35-50元/天。
“国企温暖”关怀：
节假日工会礼品、生日贺金、结婚贺金、丧葬慰问金。
免费发放工衣及劳保用品。
定期组织文体活动、聚餐联欢。
【任职要求 】
年龄18-40周岁，身体健康。
不限学历，不限经验，零基础可报名。
我们提供岗前培训，助您快速上手。
【工作时间 · 合规透明】
综合工时制，上六休一/上六休二，月休4天左右（根据生产计划调节）。
国企规范，加班工时严格按照国家法律规定执行并支付报酬，保障您的合法权益。
【招聘声明 · 郑重承诺】
本招聘由京东方(BOE)厂区人事部直接发起，绝无任何第三方中介介入！
我们承诺：绝不收取任何形式的报名费、中介费、押金、体检费！
如果您感兴趣，欢迎直接与我沟通直接电话联 系或点击报名我会第一时间为您安排",初中及以下,1,更新于 11月15日
短视频拍摄剪辑师,6000-8000元,西安灞桥区,宋城演艺,"岗位职责
1、根据品牌定位与目标受众喜好，提供接地气且具可行性的内容创意，完成短视频脚本的撰写，确保内容贴近生活、能吸引大众关注
2、负责具体的拍摄工作，熟练操作常见拍摄设备。依据拍摄方案，完成拍摄场景的实地布置，精准进行拍摄构图、光线调节与运镜，保障拍摄素材的质量与数量，满足后期制作基本需求
3、运用简单易用的视频编辑软件，如剪映专业版等，对拍摄素材进行初步选、剪辑
4、协助分析短视频平台数据，关注播放量、点赞数、评论数等指标变化。
任职要求
1.本科及以上学历。影视、传媒、设计等相关专业优先，具备一定的艺术感知能力与学习基础
2.有半年以上短视频制作相关经验，参与过短视频从筹备到发布的部分环节，对短视频制作流程有初步了解
3.具备一定的创意能力，能根据给定主题提出新颖的短视频内容思路，文案撰写能力尚可可编写简单、易懂且有吸引力的短视频脚本大纲
4.熟练掌握常见拍摄设备的操作方法，能够独立完成短视频的拍摄工作，在拍摄构图、光线运用上有基本技巧，拍摄画面稳定、清晰
5.熟练使用至少一种基础视频编辑软件，能进行常规的视频剪辑操作，包括视频片段拼接添加字幕、音乐匹配等，对视频节奏有初步把控能力。",本科,1,更新于 12月17日
品管现场主管(J11293),6000-8000元,南平政和县,福建圣农集团,"岗位职责:
1、公司质量管理体系现场执行与培训；
2、生产现场过程监控，数据统计及记录审核；
3、不合格品及偏差处理；
4、新产品中试跟进，；
5、客诉调查与改善落实；
6、配合完成工厂各项认证、审核工作；
7、现场品控团队管理与培训；
任职要求:
1、大专及以上学历，食品科学、质量管理等相关专业优先；
2、1-3年食品行业品控相关工作经验，至少1年团队管理经验；
3、具备良好的沟通协调能力及团队合作精神；
4、责任心强，工作严谨，具备较强的分析解决问题能力，能独立处理现场相关质量问题，能承受一定的工作压力；",高中,1,更新于 12月24日
数据治理工程师,5000-10000元·14薪,成都武侯区,新疆鑫泰天然气股份有限公司,"1.对集团确定范围的数据进行标准化治理；
2.负责数据仓库架构设计、数据模型设计、ETL流程开发、数据质量控制等相关工作。
3.根据不同业务需求，进行数据挖掘、分析，提供数据支持和业务支持。
4.对数据仓库进行性能优化，提升数据存储效率和查询效率。
5.编写相关技术文档，维护和更新数据仓库相关的技术规范和标准。
6.与相关部门合作，提供数据解决方案和技术支持。
7.持续关注、研究最新的数据技术，对公司业务发展提出建议。
招聘要求：
1.本科及以上学历，计算机、数学、信息化专业；
2.在数据集成、数据标准、数据质量管理、数据模型管理、元数据管理、主数据管理等数据管理领域有深刻理解和重大项目实施经验；
3.熟练应用etl开发工具，如Datatage.Cogno.Kettle等；熟练使用Oracle.DB2.Hive等数据库，有数仓、报表、BI（如永洪.帆软.mart等）、SQL等知识；
4.必备证书：CDMP、CDGA、CDGP至少一个；
5.具有较高的组织协调与沟通、业务理解能力、沟通表达能力、学习能力。
特别说明：目前该岗位Base山西晋城，2027年迁往四川成都，介意者谨慎投递。",本科,1,更新于 12月16日
四小时兼职,7000-9000元,苏州吴中区,叮咚买菜,"单价4-5块钱一单，多劳多得，一小时可以送到7-10单，送达时间不限制，没有超时扣款，可放心面试入职。
兼职时间：上午下午晚上都可以做，只需要一天能工作四小时以上就行，工资隔日结。长期兼职，短期兼职都可以做，这个没要求。
负责送一家店的生鲜蔬菜，零食百货，配送范围门店附近3公里内，日均单量60+，一趟20分钟左右，能带7-10单，日薪300-500
时间：上午、下午、晚上或者全天都行（时间可协商）
【任职要求】
1、18-50岁；男女都可以做
2、会骑电动车，会使用导航
注：门店直招，不收取任何押金费用，0元入职
找你入职要钱的都是骗子，找你入职要钱的都是骗子，找你入职要钱的都是骗子。请认准直招。",学历不限,5,更新于 12月29日
安防管理（25届退伍优先）,6000-8000元,沈阳铁西区,龙湖集团,"岗位职责:
1. 负责维护和提升物业区域的安全与秩序；
2. 组织和执行安全巡查，确保无违法违规行为发生；
3. 监控安全系统，及时处理紧急情况；
4. 制定和实施安全防范措施，提高安全意识；
5. 组织安全教育培训，增强居民的安全意识。
任职要求：
1. 具备良好的沟通能力和服务意识，能够有效处理客户咨询；
2. 有较强的应急处理能力和风险评估能力；
3. 能够独立解决问题，具备良好的团队合作精神；
4. 有责任心，能够严格遵守工作时间和规定。
退伍军人或有安保经验优先，工作地点沈阳市内多个项目就近分配；（铁西、浑南、大东区可就近分配）",高中,1,更新于 今天
三明海底捞包吃住就近分配,5000-8000元,三明三元区,简阳市海捞餐饮管理有限公司开封第一分公司,"一、【招聘岗位】
服务员、门迎、传菜员、后厨、保洁、洗碗工等。
二、【职位要求】
1.学历不限；
2.身体状况符合国家餐饮行业要求；
3.无不良记录和嗜好。
三、【薪资标准】
三明海底捞全勤综合工资4200-8000元/月，实行计件工资制，多劳多得，入职后门店根据岗位评定初、中、高级员工，包食宿（企业宣讲期间除外）。
四、【正式工福利待遇】
1.正式员工入职经店经理审批同意后，报销家庭地址到工作地的硬座火车票及汽车票；工作满半年公司予以报销办理健康证费用；
2.正式员工可享受带薪年休假；
3.符合条件的员工（夫妻双职工、店经理等）可享有公司提供的住房补贴；
4.凡在公司工作满三年的员工其子女可享受 2000-5000 元/年不等的教育补贴；
5.大堂经理级别员工父母可享受 400 元/月的父母补贴；店经理级别父母可享受 1600 元/月的父母补贴；
6.员工本人和直系亲属在门店用餐享受5-8折优惠（高峰期、法定节假日等除外）；
7.上述福利待遇的享受条件和适用范围以公司福利制度为准。
五、【发展途径】（经竞聘考核后可入职）
途径一：服务员—服务/门迎担当--大堂/后堂/值班经理--店经理；
途径二：职能部门（人力资源部、信息科技部、会员运营部、公共事务部等）。
六、【注意事项】
面试需提供个人身份证原件或身份证明材料。",学历不限,1,更新于 1月1日
商业地产销售精英,6000-12000元,广州天河区,合富辉煌,"岗位职责：
1、按发展商及公司要求提供咨询、介绍、销售工作，完成销售任务；
2、向客户提供优质服务，体现项目及公司的品牌形象及专业素质；
3、定期跟进来访客户，保持客户稳定性；
4、及时向主管反映客户意见及建议，为制定销售策略提供有效信息；
5、跟进成交客户的签约、交款、按揭、售后咨询等工作。
任职要求：
1、大专或以上学历优先；
2、年龄20-35岁，身高160cm以上；
3、形象好，气质佳，性格开朗，责任心强，服务意识良好、较强的表达与沟通能力；
4、普通话流利，能听懂粤语优先；
5、商业地产或黄埔区经验优先。
薪酬范围：综合年薪14至20万元，无责任底薪，佣金点数高，发佣快！
福利：五险一金，带薪年假，项目补贴，项目奖金，年终奖",学历不限,2,更新于 11月11日
外贸业务员,7000-12000元,石家庄裕华区,博深股份有限公司,"岗位内容：
1. 负责存量市场维护，新市场开发及市场信息收集；
2. 负责往来函电，订单管理，报价，发货，收汇等业务相关日常工作；
3. 市场走访、市场调研及客户接待；
4. 负责 客户产品以及产品包装等信息管理维护工作；
5.协助制定营销策略，提高市场占有率。
任职要求：
1. 本科及以上学历，国际贸易，日语，机械，材料类相关专业优先；
2. 有两年以上国际贸易从业经验者优先；
3. 具备较好的沟通、谈判和商务技能；
4. 日语N1，口语熟练，同国外客户交流无障碍，有国外出差机会；",本科,2,更新于 12月10日
南京秦淮急聘4名快递员 五险一金,7000-13000元,南京秦淮区,江苏京邦达供应链科技有限公司,"工作内容：有意向可以线上沟通咨询工作，包住宿，站点区域就近安排全南京就近分配，
一、快递员工作内容：
主要针对于自己负责的区域进行快递配送和快递收取，配送的货物都是中小件1-10公斤范围之内的。
二、职位要求：
1、男女不限，年纪18-50周岁，无案底，会骑车即可
2、会看导航，有同行业工作经验者优先
三、工作时间：
工作时间8:00：00-17：30左右(上午七点左右到站点整理货物，每天两派，一派8：00开始，二派14：00开始、)派送完即可下班（下班时间每天17-18点左右早送完早下班），
四、薪资待遇：
1、每个月30号当月发工资
2、每单1.5-7元不等一件，大促期间2.3-2.5起步，个月工资不低于7000-8000元/月，综合工资8000-13000元月，多劳多得
3、公司缴纳五险一金、全勤、餐补、通讯补贴、防寒防暑补贴、带薪年假、生日节日礼品等。
五、职业发展方向：
站长助理～～站长～～站点管理部～～配送终辅管理部～～区域经理～～大区经理～～片区经理等，
六、工作地址：就近分配",学历不限,1,更新于 11月19日
生产车间技术员（江西）,6000-8000元·13薪,九江彭泽县,扬帆新材料(浙江)股份有限公司,"岗位职责：
1、负责本分厂的项目资料查新收集，项目评价等前期准备及小试实验工作；
2、负责编制项目试生产作业指导书，并实施项目中试，分析解决中试中出现的问
题，编写中试报告；
3、负责新工艺的试生产工作；
4、负责生产工艺、安全技术、岗位操作规程的编写；
5、负责组织技术研讨、提出改进方案，工艺变更申请等；
6、参与分厂日常生产管理工作。
任职要求：
1、本科及以上学历，化工类相关专业；
2、具有有机合成实验工作经验，能独立查找相关项目技术资料，设计实验方案，编制试制计划，项目总结，提供项目成本的能力；
3、具备较强的执行力及语言沟通表达能力；
4、熟练使用电脑及相关办公软件。",本科,3,更新于 12月30日
双休，六险一金，不坐班,6000-12000元,廊坊固安县,中国平安人寿保险股份有限公司河北分公司2,"岗位招满即停大专学历及以上
25-45周岁大专学历学信网可查
世界五百强完善的晋升培训体系企业文化:
我们固定周末双休，我们适合喜欢做服务，而又不想有太多工作压力的人，同时对于有晋升欲望、有赚钱欲望的人，我们也给予充足的空间。人性化工作时间。
福利待遇:工资构成
1、基础无责底薪+提成+新人津贴，综合薪资6-25k
2、缴纳社保:六险一金，除正常的五险一金公司还会给员工上一份团险。",大专,99,更新于 11月10日
铁氧体永磁材料研发工程师,7000-14000元,金华东阳市,横店东磁,"任职要求：
1.具备通过SEM、XRD、TEM等方法分析材料微观组织、相变的科研经历；具备良好的样品制备、数据采集、数据处理及数据分析能力；具备前沿科研文献的搜索、下载及学习能力；熟悉origin、photoshop等科研工具软件；
2.材料学、材料物理化学、材料加工及粉末冶金领域的相关基础、专业知识
要求具备陶瓷或相近领域的研究经历；
3.研态度严谨，有创新思想，有较强的学习能力、计划执行能力及沟通交流能力。
岗位职责：
1.负责实验任务的开展；
2.负责试验数据处理；
3.负责实验报告的撰写；
4.完成上级交代的任务。",硕士,1,更新于 12月12日
理财经理（长江证券广州林和西路营业部）,4000-8000元,广州天河区,,"岗位：理财经理
一、职位要求：
（1）取得一般证券业务执业资格、基金从业资格。
（2）本科（含）以上学历。
（3）有市场营销、客户服务或金融从业经验。
（4）40岁以下。
（5）有良好的沟通能力和团队合作精神。
（6）有较好的口头表达能力和产品推广能力。
（7）诚实守信、有强烈的责任心和良好的职业道德操守。
二、岗位职责：
（一）负责客户开发工作；
（二）负责向客户推介公司的各项产品；
（三）根据公司分级分类服务流程和规范，负责个人名下客户的服务工作；
（四）负责个人名下客户的信息维护；
（五）积极参加公司和营业部组织的各项营销活动，服从管理和工作分配；
（六）完成营业部交办的其他事项。",本科,1,更新于 11月7日
有点枯燥 但待遇超好 可实习 7000+,5000-10000元,合肥包河区,合肥泰盈信息科技有限公司,"工作内容：主要是银行后台岗位，没做过，没经验都没有关系，我们无需外出，办公室吹吹空调
工作时间：早九晚六，休6天、法定假日正常休息。
薪资待遇：新人4500~7000．转正6000-8000．高薪10000+，五险一金，节日福利
职位要求：
1．会一些基本电脑操作
2．有相关经验者优先。（经验不是硬性要求，只要你足够自信、大方）",中专/中技,10,更新于 12月15日
学术代表）（上市公司 五险一金 双休）,7000-14000元,塔城塔城市,先声药业,"【岗位职责】
1、负责相关领域的产品在区域内的医药信息沟通工作；
2、熟练掌握产品知识，及时、准确地为客户提供最新医学研究进展及学术动态，与客户建立信任和合作；
3、洞察市场及目标客户需求，及时收集并反馈产品和相关的市场信息；
4、协助组织、开展各类学术沟通活动，为客户提供专业化服务和咨询，用心服务；
5、具备较好的专业学习能力、良好的人际沟通和服务能力及抗挫折能力。
【任职要求】
1、本科及以上学历，医药相关专业背景；
2、具有较强的学术与专业营销的能力，良好的人际沟通与表达能力；
3、性格开朗，热爱医药推广工作，责任心强，认可公司的核心价值观。",本科,5,更新于 12月20日
招聘专员,6000-8000元,北京通州区,深圳市朗坤科技股份有限公司,"岗位内容：
1. 负责编写和发布招聘信息，筛选简历并进行初步面试
2. 组织各类校园招聘、宣讲会等活动，并做好后续跟进工作
3. 搜集、整理和分析用人需求和市场薪酬情况
4. 协助上级领导做好年度人力资源计划
任职要求：
1. 本科以上学历，人力资源管理、心理学等相关专业优先考虑
2. 具备良好的沟通能力、人际关系处理能力和数据分析能力
3. 熟练使用各种招聘平台和工具，熟悉招聘流程和法律法规
4. 有较强的组织协调能力和时间管理能力",本科,1,更新于 11月8日
育肥技术员,6000-8000元,黔东南施秉县,新希望六和,"岗位职责：
1. 负责规模化养殖场保育/育肥工段的生猪养殖工作；
2. 负责猪只日常饲喂、栋舍环境卫生、防疫及生物安全防控工作，保健及免疫；对育肥猪生长和健康情况进行观测记录，并按要求进行保健和免疫工作操作；
3. 猪只销售后，圈舍栏位冲洗消毒、刷栏直至栏位验收合格；
岗位要求：
1. 性别不限，55岁以下
2. 学历不限；有养猪经验者优先；无养猪经验，喜欢从事养殖业者，入职后有在职员工带教；
3. 有经济压力、家庭重担优先；追求长期且稳定的工作，频繁跳槽者勿扰；
4. 工作踏实耐心，能严格遵守猪场的规章制度和生物安全要求；
5. 身体健康，接受封闭性工作环境，规模化养殖场工作经验优先；
6. 每两月带薪休假8-10天。
岗位优势：
1.包吃包住，带薪休假（两个月带薪休假 8-10 天），带薪年假，免费工作服，免费生活用品提供，买五险，年收入8-10万
2.中年人优势：收入稳定，包吃包住，能存下钱，适合养家糊口，为子女攒钱，年收入8-10万
3.年轻人优势：环境单纯，有成长空间，无通勤成本，工资基本能存下来
4.夫妻工优势：稳定性极高，能互相照顾，提供夫妻房，夫妻工年薪合计可达 16-20万",学历不限,10,更新于 12月30日
营销管培生,5000-10000元,青岛黄岛区,青岛康大集团,"食品生产制造业，快销品，TO B模式
岗位职责
1、市场调研与分析
市场动态监测：密切关注食品行业的发展趋势、市场变化和竞争对手动态，收集和分析市场信息，包括消费者需求、消费习惯、市场规模、市场份额等，为公司营销决策提供数据支持和参考依据。
竞品分析：深入研究竞争对手的产品特点、价格策略、销售渠道、促销活动和市场表现，找出其优势和不足，挖掘公司产品差异化竞争的机会点，制定针对性的竞争策略，提升公司产品在市场中的竞争力。
2、销售目标达成
销售任务分解与跟进：根据公司销售目标，协助将销售任务分解到各个区域、渠道和产品，制定详细的销售计划和目标达成的考核指标，定期跟进销售进度，分析销售数据，及时发现销售过程中存在的问题和偏差，采取有效措施加以调整和改进，确保销售目标的顺利实现。
销售团队支持：与销售团队密切合作，为销售人员提供市场信息、营销策略、产品知识等方面的培训和指导，协助销售人员制定销售策略和计划，提供销售工具和推广物料支持，如宣传册、海报、样品等，帮助销售人员提升销售技能和业绩，同时激励销售团队，营造积极向上的销售氛围，提高团队整体销售能力。
销售数据分析与报告：收集和整理销售数据，包括销售额、销售量、客户数量、退货率等，运用数据分析工具和方法，深入分析销售数据背后的原因和趋势，如季节性销售波动、区域销售差异、产品畅销或滞销原因等，为营销决策提供依据，同时定期撰写销售分析报告，向上级领导汇报销售业绩、市场动态和营销活动效果，为公司高层决策提供参考。
岗位要求：
1. 教育背景
本科及以上学历，市场营销、食品科学与工程、工商管理、电子商务、国贸等相关专业优先，具备扎实的专业知识和理论基础，对食品行业的市场营销有一定的了解和认识。
2. 专业知识与技能
市场营销知识：系统学习过市场营销学、市场调研、营销策划、品牌管理、广告学等专业课程，掌握市场营销的基本理论、方法和技巧，能够运用相关知识进行市场分析和营销计划制定。
数据分析能力：熟练掌握数据分析工具和方法，如Excel、SPSS等，能够对市场和销售数据进行收集、整理、分析和解读，通过数据洞察市场和销售趋势，为营销决策提供数据支持。",本科,20,更新于 1月1日
,4000-8000元,唐山玉田县,杭萧钢构,"岗位职责：
1、负责公司的日常财务的账务管理、处理工作；
2、负责组织编制预算、财务收支计划、成本费用计划、财务报告和会计报表等；
3、负责完成每月国税、地税纳税申报；
4、负责财务凭证及电子档案的整理与归档；
5、完成做好领导交办的其他财务工作。
任职要求：
1、金融和财务相关专业大学本科及以上学历；
2、三年以上财务管理工作经验，具有资金管理管控经验，熟悉资金支付管控的各个流程及关键点及银行各项操作流程，具有较强的沟通与协调能力。
3、英语良好，适应到国外出差。",本科,1,更新于 11月17日
财务部副主任,6000-10000元,天津南开区,天津爱尔眼科医院有限责任公司,"岗位福利：五险一金、带薪年假、双休法假、宿舍、食堂、餐补、节日礼品、防暑降温补贴、年终奖等。
岗位职责：
1.在部门负责人的领导下，负责医院的全面核算工作。不断优化财务核算体系，指导财务人员开展工作，确保会计核算规范，报表及时完整，格式统一，数据无误；
2.负责医院收入保全工作。对医院价格、优免、退费、欠费进行监督管理，控制好收费环节、防止漏收少收；
3.审核费用报销的真实性。严防虚假报销，做好成本费用的管理和控制；
4.加强应收账的管理；
5.年度预算编制的协助；
6.部门负责人安排的其他工作、
任职要求：
1.财务相关毕业，具备5年及以上相关工作经验
2.中级职称及以上
3.年龄38岁及以下",本科,1,更新于 11月3日
不露脸聊天兼职,5000-10000元,上海浦东新区,娄底市星欣传媒有限公司,"音频主播 快手 主播
平台:快手抖音直播类型:语音聊天房
纯绿色、平台管控力度严格底薪3000
新人期-第一个月均收入5000-8000/月薪上手后-第二个月均收入8000-30000/月薪
工资日结、每天发放，不压不拖延
不方便在公司播的，可以在家里播
不雨西尔任何远夕右千机开机就可小做
一键报名 立即沟通",学历不限,1,更新于 11月2日
永旺周鲜花水果近距离配送日均400可预支,5000-10000元,南通崇川区,江苏佳妮送电子商务有限公司,"（送餐员骑手配送员）职位属于美团站点直招，面试不收任何费用，提供员工宿舍，依个人情况南京就近安排站点工作。
【面试通过，当天办理入职，当天上班，提供住宿，公司可配车】站点会给骑手送餐员下载骑手专用APP导航。根据导航送餐。
晋升机制：骑手一组长一储备站长一站长一区域经理一城市经理
职位要求：
1、男女不限18-57周岁，品行端正，无不良嗜好，无犯罪案底.
2、具备快速的学习能力，会骑电瓶车，灵活的使用智能手机，熟悉使用手机地图，导航。
.3、有良好的服务意识、和服务精神。
4、吃苦耐劳，有强烈的目标感；工作职责
5、所属区域内，安全，快速，友善的将餐点送至地点
工作时间：
1、高峰时间在线：早9:00-14：00晚17:00-21:00
2、每天需要在岗8个小时，其余时间自行安排
5.外卖送餐员月工资6000-9000元计件提成单价5-7一单，每天平均50-100单/天，雨季.假期容易爆单.单量增加.只要你付出肯定就会有收获。
6、公司提供住宿，生活用品需要自带。
7、公司统一为员工购买保险。
8、住宿环境：2-3人一间，空调，洗衣机，淋浴间.....等
福利津贴：全勤奖+服务奖+车补+餐补+话补+高温补贴+高峰补贴+冬季
温馨提示：本信息公司直招，有车可自带车入职，没车公司可配车辆
本职位已加入求职保障计划，站点直招非中介，入职没有任何费用，请各位求职者放心。求职人多，有意向的着急上班的请致电，可以安排优先面试",学历不限,18,更新于 11月1日
总务文员（东营）,7000-8000元·13薪,东营河口区,海大集团,"工作内容
1、财务系统费用报销单据及采购结算管理；
2、销售数据统计及销售开单；
3、场部食堂、宿舍等内务管理；
4、仓库出入库管理及日常盘点；
5、场部内人事行政工作；
【注意】水产养殖行业，工作地点在农村地区，需驻场（不完全封闭，但不能接受请勿投递简历） ，财务会计等经管类专业优先！
福利待遇
1、月均薪资 7K-8K＋元／月，年度综合收入8万＋;
2、上市公司，平台大，运营稳定，管理规范；
3、社保／商业保险，节假日福利，每年免费体检，年终奖金；
4、免费食宿、带薪年假；
5、匹配导师，完善的人才培养方案，每年多次晋升机会；",本科,2,更新于 1月1日
营销员,6000-8000元,苏州姑苏区,苏州金螳螂建筑装饰股份有限公司,"岗位职责：
1、建筑、装饰工程信息收集、跟踪和洽谈；
2、大客户拓展与维护；
3、按部门负责人要求完成业务工作。
任职资格：
1、对工程及相关行业有一定了解；
2、了解工程招投标业务；
3、善于整合各种资源；
4、沟通能力强、抗压能力强。",本科,1,更新于 11月21日
锦州站春节2000+奖金门店分拣防损员,7000-8000元,苏州太仓市,叮咚买菜,"每月12号发上月工资
工作内容：
1、负责店内的物品陈列，比如水果蔬菜日用的摆放陈列，负责叮咚买菜门店的定期巡场，记录并反馈陈列实施的效果。负责产品的现场打包：海带、山药、冬瓜等；
2、负责保持分拣陈列区、打包区卫生的干净整洁以及整体站内卫生；
3、货品的及时补充及摆放陈列；
4、分拣过程中注意事项的严格把控以及整体分拣时长的严格把控；
5、负责店铺日常陈列维护和调整，配合新产品上市和店铺陈列，商铺上架陈列；
福利待遇：
1、提供工龄津贴、为员工免费缴纳商业保险。
2、叮咚为直营站点，站长全部从一线岗晋升上来，发展空间大。
招聘要求：
1、18-35周岁，能吃苦耐劳。
2、有良好的服务意识，服从管理，无征信问题。
3、需要办理健康证
各区域人员需求量不一致，具体的面试时间及岗位招聘详情可以咨询相关招聘专员。",学历不限,1,更新于 12月29日
制剂仪器分析员（项目）,7000-10000元·13薪,连云港海州区,豪森药业,"岗位内容：
1. 负责医药产品样品的接收、存储、处理和分析检测工作；
2. 配合完成实验室管理、设备维护以及试剂、耗材、仪器设备等的采购管理；
3. 根据不同的项目需求，编制或执行分析方法；
4. 负责检验数据的分析整理与报告撰写。
任职要求：
1. 化学、药学等相关专业本科以上学历；
2. 具备医药化学分析实验室工作经验；
3. 具备较强的实验室管理、沟通协调能力和团队合作精神；
4. 具备良好的学习能力和实验创新精神。",本科,2,更新于 1月2日
物流专员（会英语）,7000-10000元·13薪,宁波北仑区,拓普集团,"岗位职责：
1.负责客户订单、客户网站及客户需求对接，
2.根据客户需求编制月生产订单和采购订单并下达；
3.在客户网站创建发货并及时对接客户，满足客户需求；
4. 客户需求更新；根据客户需求调整生产订单、采购订单及发货计划；
5. 跟踪生产及采购订单执行情况；生产及交付异常反馈、预警，并拉动生产交付会议；
岗位要求：
1. 本科及以上学历，物流或英语相关专业
2..要求可正常英语口语交流",本科,1,更新于 10月30日
工厂万能工,7000-8000元,广州白云区,广东直聘网鸿旗信息科技有限公司,"一、正式工：底薪2600+加班费＋全勤奖＋绩效
奖＋社保
小时工：24元/小时，离职结清工资
综合收入：7000-8000元/月
二、工作内容：
1.小音箱和喇叭的包装，贴标签，装配。
2.仓库小件商品的打包，分拣，扫描。
3.岗位：包装工，组装，贴标签简单轻松工作
三、招聘要求：16-53，男女不限。
四、包吃包住，做满一周可借支，离职结清工资，上六休一。
五、普通工衣，不用穿无尘服。
六、每月10号发工资。",学历不限,99,更新于 11月19日
现场工程师（市政）,7000-9000元,丹东振兴区,中国燃气,"一、工作职责：
1.1 应用AI进度监控系统，实时比对计划与实际施工进展，动态生成纠偏建议，确保工程项目按计划进度完成。
1.2 作为管辖区域安全生产责任人，严格监督工程项目施工安全，对工程安全负责。
1.3 使用移动端AI质检工具，对管道焊接 防腐等关键工序进行图像智能初检。
1.4 严格监督控制管辖区域内工程项目施工成本，落实公司批准的财年目标责任书的各项指标，确保工程项目成本控制目标的实现。
1.5 负责管辖区域内工程项目合同管理，保证合同签订合规，确保严格按照合同规定履约，协调处理合同实施执行过程中的纠纷
索赔等事宜。
1.6 负责管辖区域内现场建设方、监理方、工程总承包方之间的信息交流、信息传递、信息处理的管理事宜及现场的涉外关系。
1.7 负责管辖区域内工程项目材料管理工作，落实标准规范和公司对材料管理的相关要求。
1.8 负责推动管辖区域内工程项目总分包结算工作，审核总分包结算价格和工程量相关内容。
1.9 负责办理告知监检手续，协调监检报告的出具。
1.10 负责督促管辖区域内工程竣工资料资料编制，对资料的准确性、真实性、及时性把关。
1.11 负责维护好与管辖区域内甲方公司的关系。
1.12 负责管辖区域内工程项目过程中三方确认单的及时跟进。
1.13 负责与地方税务局对接开发票相关事宜。
1.14 负责与地方政府对接办理相关手续，处理相关问题。
二、岗位要求
（一）．基本要求：
1. 年龄： 40岁以下
2. 学历： 本科及以上
3. 专业： 土木工程、城市燃气、工程管理等相关专业
4. 其它： 熟悉工程技术、项目管理，熟悉施工相关法律法规，持有一级建造师（市政）证书者优先；
（二）．工作经验/能力/个性特质描述：
1．熟练使用CAD制图和办公软件；
2．熟悉燃气管道施工的相关的国家或行业标准；
3．具有2年以上的燃气管道施工管理经验优先考虑;
4．细心、工作认真负责、执行力强、吃苦耐劳；
5．能适应长期出差。
三．工作地点：辽宁省丹东市振兴区
四．薪酬福利：
五险一金、节假日补贴、体检、带薪假期等
工资：面议
五、用人单位介绍：
深圳乐邦建设工程有限公司，于2019年1月28日，在深圳市市场监督管理局注册成立,注册资金4000万元，是中燃燃气实业（深圳）有限公司（以下简称中国燃气）的全资子公司。
中国燃气是中国优秀的跨区域能源供应服务企业之一，在香港联交所主板上市（股票代码0384），通过多年的发展，中国燃气成功构建了以城市管道天然气业务为主导，液化石油气、液化天然气、车船燃气、分布式能源、天然气发电、供热、合同能源管理服务以及燃气设备，厨房用具制造，网络电商并举的全业态发展结构。
公司总部坐落在全国性经济中心和国际化大都市深圳。公司所属分子公司2家，项目经理部28个，工程技术和专业管理团队900余人，同时拥有多支管理严谨、技术过硬、门类齐全、经验丰富的专业施工队伍，并不断强化内部管理，形成了一套完整的施工企业管理体系。
公司拥有市政公用工程施工总承包二级资质、压力管道安装GB1级许可证书，安全生产许可证书。
公司是从事市政建设工程施工的专业化公司，主要承揽市政管网工程（含长输）、场站工艺工程、户内安装工程、庭院管道工程、工商公福用户安装工程。
公司业务覆盖16个省、市、自治区，已经成为一家全国性的燃气工程施工专业化公司，正在步入可持续发展的快车道。
近几年来，公司始终秉承提供高品质的建设工程，成为客户信赖、社会尊重、最有价值的建设工程施工企业。
职位福利：五险一金、绩效奖金、节日福利、带薪年假、餐补、通讯补助",本科,1,更新于 今天
区域经理（26届校招）(J10644),7000-9000元,南昌新建区,金杯电工,"岗位职责:
1.开展行业信息、竞品信息、客户信息与自身信息的调研与分析；
2.负责对市场推广活动进行分析总结，并提出优化改善的措施；
3.负责组织区域经销商开展水电工推广、小区推广、活动推广等各自类型的推广活动，并取得较好的宣传效果；
4.依照公司客户拜访标准动作，结合客户分类管理情况，定时定点定路线开展渠道客户拜访维护，积极了解市场信息，寻找扩大销售的机会点；
5.协助解决区域内客户销售问题，亲自参与客户开展的促销活动，并能根据区域内客户的共性问题，组织销售赋能培训；
6.结合客户情况，合理设定任务目标，对个别有能力的客户，引导完成超额指标，能够依据市场情况，对销售政策的制定提供合理性建议并被采纳；
7.能独立组织区域开展促销活动，并能完成下达的促销活动任务目标；
任职要求:
1.具备经销知识以及渠道销售技能；
2.了解商务礼仪知识和客户沟通维护能力
3.办公软件应用",本科,2,更新于 12月9日
电商客服文员-五险一金,6000-8000元,廊坊安次区,深圳南区人瑞人力资源服务有限公司,"岗位职责：
1. 负责供应链相关时效/质量/售后类问题的工单处理；
2. 针对客户反馈问题高效跟进，以工单回复或者外呼形式解决客户问题；
3. 负责跟承运商/内部各个环节对接，提升处理效率；
4. 负责协助客服主管收集客户体验问题，综合进行客户体验提升项目优化。",学历不限,45,更新于 10月29日
资料审核专员+六险一金！,5000-8000元·13薪,澄迈,深圳乐信软件技术有限公司,"岗位职责：
1、审核客户提交的材料是否真实；
2、按照SOP对客户工作、学历、征信等资质进行审核打标；
3、根据业务标准，检索并识别舆情信息；
4、完成领导交办的其它事项。
岗位要求：
1、大专及以上学历，20-30；
2、风险意识强，有信贷审批相关经验优先；
3、工作严谨，认真负责，积极主动，具有深度思考和探索的精神；
4、个人征信良好。",大专,15,更新于 今天
互联网学习运营助理岗（劳务派遣）,7000-8000元,广州天河区,广发证券,"岗位职责:
1. 负责在线课程的剪辑制作工作及技术优化；
2. 参与在线课程的审核、上传与发布流程，及时更新在线课程库；
3. 参与在线课程的拍摄与录制等相关工作；
4. 参与培训项目的直播技术支持及运营管理工作；
5. 参与公司培训项目运营管理和支持类工作。

任职要求:
1. 本科及以上学历，管理类、教育技术学、信息管理、计算机等相关专业优先；
2. 熟练掌握AI制作视频及图片、Premiere、OBS等工具，熟悉视频技术规范；；
3. 熟练掌握各类办公软件，能够高效完成文档编辑、数据分析和演示汇报等工作；
4. 具备较强的责任心和敬业精神，工作态度认真细致，能够承受一定的工作压力，拥有良好的团队协作精神和一定的综合协调能力。",本科,1,更新于 10月29日
植发护士,7000-10000元,杭州拱墅区,北京雍禾医疗科技集团有限公司,"岗位职责:
1、根据手术项目，配合手术室工作的配台、巡回、外围等；
2、配合护士长日常医院感染防控事项处理，患者术后服务；
3、配合手术医生毛囊分离及种植技术，及术后清理血痂；
4、保证无菌操作，熟悉手术室各项工作流程。
任职要求:
1、大专及以上学历，可首次注册；
2、护理学等相关专业毕业，持有护士资格证；
3、视力不低于4.5，无不良嗜好，无重大疾病史；
4、人品素质良好，有良好的服务意识，团队意识。",中专/中技,3,更新于 12月24日
康养客户经理,6000-12000元,天津河西区,中国平安人寿保险股份有限公司天津市河西支公司(辰光团队),"岗位内容：
1. 为客户提供专业的健康咨询服务，帮助他们建立和维护健康的生活习惯。
2. 支持客户设定个人目标，并为他们提供必要的支持和鼓励，确保他们成功地完成目标。
3. 向客户推广相关产品和服务，提高客户忠诚度，促进公司的业务增长。
任职要求：
1. 具备优秀的沟通和表达能力，善于倾听客户需求并为其提供解决方案。
2. 希望有机会工作于健康领域，对健康知识有浓厚的兴趣，并愿意持续学习和成长。
3. 注重团队协作，积极参与项目和工作组，具有出色的组织和时间管理能力
[岗位要求]
年龄：25-48周岁;
学历：专科及以上学历;
有良好的沟通能力、学习能力及创业精神;
有良好的职业操守；无不良信用记录、债务纠纷等问题。
薪资构成：培训津贴 基本薪资，绩效（有多个档位），综福津贴等",本科,3,更新于 11月10日
